,Montreal,Vancouver,Ottawa,Toronto,Victoria,St. John's,Edmonton,Calgary,Moncton,Fredericton,Quebec,Regina,Saskatoon,Winnipeg,Halifax
2017-05-10,0,1,2,2,3,4,11,12,15,21,,,,,
2017-05-11,1,0,3,3,4,5,12,13,16,22,,,,,
2017-05-12,2,0,4,0,0,6,13,14,17,23,,,,,
2017-05-13,3,0,5,1,0,7,14,15,18,24,,,,,
2017-05-14,4,0,6,2,0,8,15,16,19,25,,,,,
2017-05-15,5,0,7,3,0,9,16,17,20,26,,,,,
2017-05-16,6,0,8,4,0,10,0,0,21,27,,,,,
2017-05-17,7,0,9,5,0,11,1,1,22,28,,,,,
2017-05-18,8,1,10,6,0,0,2,0,23,29,,,,,
2017-05-19,9,2,11,7,0,1,3,1,24,30,,,,,
2017-05-20,0,0,0,8,1,2,4,2,25,31,,,,,
2017-05-21,1,0,1,9,2,3,0,3,0,32,,,,,
2017-05-22,2,0,2,10,3,0,1,4,0,33,,,,,
2017-05-23,3,0,3,11,4,0,2,5,1,34,,,,,
2017-05-24,4,0,4,12,0,1,3,6,2,35,,,,,
2017-05-25,5,0,5,13,0,0,4,7,3,36,,,,,
2017-05-26,6,0,6,0,0,0,5,8,4,37,,,,,
2017-05-27,7,1,7,0,1,1,6,9,5,38,,,,,
2017-05-28,8,2,8,0,2,0,7,10,6,0,,,,,
2017-05-29,9,3,9,1,0,1,8,11,7,1,,,,,
2017-05-30,10,4,10,2,1,2,9,12,8,2,,,,,
2017-05-31,11,5,11,3,0,3,10,13,9,3,,,,,
2017-06-01,12,6,12,4,1,4,11,14,10,4,,,,,
2017-06-02,13,7,13,5,2,5,12,15,11,5,,,,,
2017-06-03,14,0,14,6,0,6,13,16,12,0,,,,,
2017-06-04,15,0,15,7,1,7,14,17,13,0,,,,,
2017-06-05,16,0,16,8,2,8,15,18,0,0,,,,,
2017-06-06,17,1,17,9,3,0,16,19,0,1,,,,,
2017-06-07,0,2,18,0,4,0,17,20,1,2,,,,,
2017-06-08,1,0,19,1,5,0,18,21,2,3,,,,,
2017-06-09,2,0,20,2,0,1,19,22,3,4,,,,,
2017-06-10,3,0,21,3,1,2,20,23,4,5,,,,,
2017-06-11,4,0,22,4,2,3,21,24,5,6,,,,,
2017-06-12,5,1,23,5,3,4,22,25,6,7,,,,,
2017-06-13,6,2,24,6,4,5,23,26,7,8,,,,,
2017-06-14,7,3,25,7,5,0,24,27,8,9,,,,,
2017-06-15,8,4,26,8,6,0,25,28,9,10,,,,,
2017-06-16,9,5,27,9,7,1,26,29,0,0,,,,,
2017-06-17,10,6,28,10,8,2,27,30,1,1,,,,,
2017-06-18,11,0,29,11,9,3,28,31,2,2,,,,,
2017-06-19,12,1,30,12,10,4,0,0,3,3,,,,,
2017-06-20,13,2,31,13,11,5,1,1,4,4,,,,,
2017-06-21,14,3,32,0,0,6,2,0,5,5,,,,,
2017-06-22,15,0,0,0,0,7,3,1,6,6,,,,,
2017-06-23,16,0,1,1,0,8,0,2,7,0,,,,,
2017-06-24,17,0,2,2,0,9,0,3,8,1,,,,,
2017-06-25,18,1,3,0,1,10,1,0,9,2,,,,,
2017-06-26,19,2,4,0,2,11,2,1,10,3,,,,,
2017-06-27,20,0,0,0,0,12,3,2,11,4,,,,,
2017-06-28,21,0,1,0,0,13,4,0,12,5,,,,,
2017-06-29,22,0,2,1,0,14,0,1,13,0,,,,,
2017-06-30,23,1,3,2,1,15,1,2,14,1,,,,,
2017-07-01,24,0,4,3,2,0,2,3,15,2,,,,,
2017-07-02,25,0,5,4,0,0,3,0,16,3,,,,,
2017-07-03,26,1,6,5,1,1,4,1,17,4,,,,,
2017-07-04,0,2,0,6,0,0,0,0,0,5,,,,,
2017-07-05,0,0,0,7,0,0,1,1,0,0,,,,,
2017-07-06,1,1,1,8,1,1,2,2,1,0,,,,,
2017-07-07,2,2,2,9,0,2,3,3,2,1,,,,,
2017-07-08,3,0,3,10,0,3,4,4,3,2,,,,,
2017-07-09,0,1,0,11,1,4,5,5,4,3,,,,,
2017-07-10,1,2,1,12,2,5,6,6,5,4,,,,,
2017-07-11,2,0,2,13,3,6,7,7,6,5,,,,,
2017-07-12,3,1,3,14,4,7,8,8,7,6,,,,,
2017-07-13,0,2,4,0,5,8,9,9,8,7,,,,,
2017-07-14,0,3,5,1,0,9,0,10,0,8,,,,,
2017-07-15,1,4,6,2,1,10,1,11,1,9,,,,,
2017-07-16,2,5,7,3,2,11,2,12,2,10,,,,,
2017-07-17,3,0,8,4,3,12,3,13,3,11,,,,,
2017-07-18,4,0,9,5,4,13,0,0,4,12,,,,,
2017-07-19,5,0,10,6,0,14,0,0,5,13,,,,,
2017-07-20,6,1,11,7,1,15,0,0,6,14,,,,,
2017-07-21,7,2,12,8,2,16,1,1,7,15,,,,,
2017-07-22,8,3,13,9,3,17,2,2,0,16,,,,,
2017-07-23,0,4,14,10,4,18,3,3,0,0,,,,,
2017-07-24,1,5,15,11,5,19,0,0,0,0,,,,,
2017-07-25,2,6,16,12,6,20,1,0,0,1,,,,,
2017-07-26,3,7,17,13,7,21,2,1,0,0,,,,,
2017-07-27,4,8,18,14,8,22,3,2,0,0,,,,,
2017-07-28,0,0,0,15,9,23,4,3,0,1,,,,,
2017-07-29,0,0,1,16,10,24,5,4,0,2,,,,,
2017-07-30,0,1,0,17,11,25,6,5,0,0,,,,,
2017-07-31,1,0,1,18,12,26,7,6,0,0,,,,,
2017-08-01,0,1,2,19,13,27,8,7,1,1,,,,,
2017-08-02,1,2,3,20,14,28,0,8,0,0,,,,,
2017-08-03,2,3,4,21,15,29,0,9,1,1,,,,,
2017-08-04,3,4,5,22,16,30,1,10,2,2,,,,,
2017-08-05,4,5,6,23,17,31,2,0,3,3,,,,,
2017-08-06,0,6,0,0,18,0,3,0,4,4,,,,,
2017-08-07,1,7,0,1,19,1,0,0,5,5,,,,,
2017-08-08,2,8,1,0,20,2,1,1,0,6,,,,,
2017-08-09,3,9,2,1,21,3,0,2,0,7,,,,,
2017-08-10,4,10,3,2,22,4,0,3,1,8,,,,,
2017-08-11,5,11,4,3,0,5,0,4,2,9,,,,,
2017-08-12,6,0,5,4,1,6,1,0,3,10,,,,,
2017-08-13,7,1,6,5,2,7,2,1,4,11,,,,,
2017-08-14,8,0,7,6,3,8,3,2,0,12,,,,,
2017-08-15,9,0,8,7,0,0,4,0,1,13,,,,,
2017-08-16,10,0,9,8,1,1,5,1,0,0,,,,,
2017-08-17,11,1,10,9,2,2,6,2,0,0,,,,,
2017-08-18,12,0,11,10,3,0,7,0,1,0,,,,,
2017-08-19,13,1,12,11,4,0,8,1,2,1,,,,,
2017-08-20,14,2,13,0,0,1,9,0,3,2,,,,,
2017-08-21,15,3,14,1,1,2,0,1,4,3,,,,,
2017-08-22,16,4,15,2,2,3,1,2,5,4,,,,,
2017-08-23,17,5,16,0,3,4,2,3,6,5,,,,,
2017-08-24,18,6,17,0,4,5,3,4,7,6,,,,,
2017-08-25,0,7,0,0,5,6,4,5,8,0,,,,,
2017-08-26,0,0,0,0,6,0,0,6,0,0,,,,,
2017-08-27,0,0,0,0,7,0,0,7,0,0,,,,,
2017-08-28,0,1,1,1,8,0,1,8,0,0,,,,,
2017-08-29,1,2,2,2,9,1,2,9,1,0,,,,,
2017-08-30,0,3,0,0,10,2,3,10,2,1,,,,,
2017-08-31,0,4,0,0,11,3,4,11,0,0,,,,,
2017-09-01,0,5,0,0,12,4,5,12,1,0,,,,,
2017-09-02,0,6,0,0,13,5,6,13,2,1,,,,,
2017-09-03,1,7,1,1,14,6,7,14,0,0,,,,,
2017-09-04,2,8,2,2,15,7,8,15,1,1,,,,,
2017-09-05,3,9,3,3,16,8,9,16,2,2,,,,,
2017-09-06,4,10,4,4,17,9,10,17,3,3,,,,,
2017-09-07,5,11,5,0,18,10,11,18,4,4,,,,,
2017-09-08,6,12,6,0,19,11,12,19,5,5,,,,,
2017-09-09,7,13,7,0,20,12,13,20,6,6,,,,,
2017-09-10,0,14,8,0,21,13,14,21,7,7,,,,,
2017-09-11,0,15,9,0,22,14,15,22,8,8,,,,,
2017-09-12,1,16,10,1,23,15,16,23,9,9,,,,,
2017-09-13,2,17,11,2,24,16,17,24,10,10,,,,,
2017-09-14,3,18,12,3,25,17,18,0,11,11,,,,,
2017-09-15,4,0,13,4,26,18,0,1,12,12,,,,,
2017-09-16,5,1,14,5,0,19,1,0,13,13,,,,,
2017-09-17,6,0,15,6,0,20,2,0,14,14,,,,,
2017-09-18,7,0,16,7,0,21,3,1,15,15,,,,,
2017-09-19,8,0,17,8,0,22,4,0,16,16,,,,,
2017-09-20,9,0,18,9,1,23,5,0,17,17,,,,,
2017-09-21,10,1,19,10,0,24,6,1,0,18,,,,,
2017-09-22,11,0,20,11,1,25,7,0,0,19,,,,,
2017-09-23,12,1,21,12,2,26,8,0,1,20,,,,,
2017-09-24,13,2,22,13,3,27,9,0,2,21,,,,,
2017-09-25,14,3,23,14,4,28,10,1,3,22,,,,,
2017-09-26,15,4,24,15,5,29,11,2,4,23,,,,,
2017-09-27,16,5,25,16,6,30,12,3,5,24,,,,,
2017-09-28,17,6,26,0,7,31,13,4,6,25,,,,,
2017-09-29,0,7,0,0,8,32,14,5,7,26,,,,,
2017-09-30,1,8,0,0,9,0,15,6,8,27,,,,,
2017-10-01,2,0,0,0,10,1,16,7,0,0,,,,,
2017-10-02,3,0,0,1,0,2,17,8,0,0,,,,,
2017-10-03,4,1,1,2,0,0,18,0,0,0,,,,,
2017-10-04,5,0,2,3,0,0,19,1,1,1,,,,,
2017-10-05,6,0,3,4,0,1,20,2,2,2,,,,,
2017-10-06,7,0,4,5,0,2,21,3,3,3,,,,,
2017-10-07,8,0,5,6,0,3,22,4,4,4,,,,,
2017-10-08,9,0,6,7,0,4,0,5,5,5,,,,,
2017-10-09,10,1,7,8,0,5,1,6,6,6,,,,,
2017-10-10,11,2,8,9,1,6,2,7,7,7,,,,,
2017-10-11,12,3,9,10,2,7,3,8,8,8,,,,,
2017-10-12,13,4,10,11,3,8,4,9,9,9,,,,,
2017-10-13,14,5,11,12,0,9,0,10,10,0,,,,,
2017-10-14,15,6,12,13,0,10,1,0,11,1,,,,,
2017-10-15,16,7,13,14,0,11,2,1,12,2,,,,,
2017-10-16,0,8,14,15,1,12,3,2,13,3,,,,,
2017-10-17,1,9,15,16,2,13,4,3,14,4,,,,,
2017-10-18,2,0,16,17,0,0,5,4,15,5,,,,,
2017-10-19,3,1,17,18,1,1,6,5,16,6,,,,,
2017-10-20,4,0,18,19,0,2,7,6,17,7,,,,,
2017-10-21,5,1,19,20,1,3,8,7,18,8,,,,,
2017-10-22,6,2,20,21,2,0,9,8,19,9,,,,,
2017-10-23,7,3,21,22,3,0,10,9,0,0,,,,,
2017-10-24,8,4,22,23,4,1,11,10,1,1,,,,,
2017-10-25,9,5,23,24,0,2,12,11,2,2,,,,,
2017-10-26,10,6,24,25,1,3,0,12,3,3,,,,,
2017-10-27,11,0,25,26,2,4,1,13,4,4,,,,,
2017-10-28,12,1,26,27,3,5,2,14,5,5,,,,,
2017-10-29,13,2,27,28,4,6,3,15,6,6,,,,,
2017-10-30,14,0,28,29,5,7,0,16,7,7,,,,,
2017-10-31,15,0,29,30,0,8,0,17,8,8,,,,,
2017-11-01,16,0,30,31,0,9,0,0,0,9,,,,,
2017-11-02,17,0,31,32,0,0,0,0,1,10,,,,,
2017-11-03,18,0,32,33,0,1,0,0,2,11,,,,,
2017-11-04,19,0,33,34,0,2,0,0,3,12,,,,,
2017-11-05,20,0,34,35,0,0,0,0,4,13,,,,,
2017-11-06,21,0,35,36,0,1,0,0,5,14,,,,,
2017-11-07,22,0,36,37,0,2,0,0,6,15,,,,,
2017-11-08,0,0,37,38,1,3,0,0,7,16,,,,,
2017-11-09,1,1,38,0,2,4,0,0,8,17,,,,,
2017-11-10,0,2,0,0,3,5,1,1,0,18,,,,,
2017-11-11,0,3,0,0,4,6,2,2,0,0,,,,,
2017-11-12,1,4,1,1,5,7,3,3,0,0,,,,,
2017-11-13,2,5,2,2,6,0,4,4,0,0,,,,,
2017-11-14,3,6,3,3,7,1,5,5,1,1,,,,,
2017-11-15,4,7,4,4,8,2,6,6,2,2,,,,,
2017-11-16,5,8,5,5,9,3,7,0,3,3,,,,,
2017-11-17,0,9,0,6,10,4,8,1,4,4,,,,,
2017-11-18,0,10,1,7,11,5,0,2,5,5,,,,,
2017-11-19,1,11,2,8,12,6,1,3,6,6,,,,,
2017-11-20,0,12,3,9,13,7,2,4,0,0,,,,,
2017-11-21,1,13,4,10,14,8,0,5,0,0,,,,,
2017-11-22,2,14,0,11,15,9,1,6,1,1,,,,,
2017-11-23,0,15,1,12,16,0,2,7,2,2,,,,,
2017-11-24,1,16,2,13,17,1,3,8,3,3,,,,,
2017-11-25,2,17,3,14,18,2,4,9,4,4,,,,,
2017-11-26,0,18,4,15,19,3,5,10,5,5,,,,,
2017-11-27,0,19,0,16,20,4,6,11,6,6,,,,,
2017-11-28,0,20,0,17,21,0,7,12,7,7,,,,,
2017-11-29,1,21,1,18,22,1,8,13,8,8,,,,,
2017-11-30,2,22,2,19,23,2,9,14,9,9,,,,,
2017-12-01,3,23,3,20,24,3,10,15,10,10,,,,,
2017-12-02,4,24,4,21,25,4,11,16,11,11,,,,,
2017-12-03,5,25,5,22,26,5,12,17,12,12,,,,,
2017-12-04,6,26,6,23,27,6,13,18,13,13,,,,,
2017-12-05,7,27,7,24,28,7,14,19,14,14,,,,,
2017-12-06,8,28,8,25,29,8,15,20,15,15,,,,,
2017-12-07,9,29,9,26,30,9,16,21,16,16,,,,,
2017-12-08,10,30,10,27,31,10,17,22,17,17,,,,,
2017-12-09,11,31,11,28,32,11,18,23,18,18,,,,,
2017-12-10,12,32,12,29,33,12,19,24,19,19,,,,,
2017-12-11,13,0,13,30,0,13,20,25,20,20,,,,,
2017-12-12,14,1,14,31,1,14,21,26,21,21,,,,,
2017-12-13,15,2,15,0,2,15,22,27,22,22,,,,,
2017-12-14,16,3,16,0,3,16,23,28,23,23,,,,,
2017-12-15,17,4,0,1,4,17,24,29,24,24,,,,,
2017-12-16,18,5,1,2,5,18,25,30,25,25,,,,,
2017-12-17,19,6,2,3,6,19,26,31,26,26,,,,,
2017-12-18,20,7,3,4,7,20,27,32,27,0,,,,,
2017-12-19,21,8,4,5,8,21,28,33,28,1,,,,,
2017-12-20,22,0,5,6,0,22,29,34,29,2,,,,,
2017-12-21,0,0,0,7,0,23,30,35,0,3,,,,,
2017-12-22,0,0,0,0,1,24,31,36,0,0,,,,,
2017-12-23,0,0,1,1,0,25,32,37,0,1,,,,,
2017-12-24,1,0,2,2,0,26,33,38,1,2,,,,,
2017-12-25,2,1,3,3,1,27,0,0,2,3,,,,,
2017-12-26,0,2,0,0,2,28,0,0,3,4,,,,,
2017-12-27,0,0,0,0,3,29,1,0,0,0,,,,,
2017-12-28,0,1,0,0,4,30,2,0,0,1,,,,,
2017-12-29,0,2,0,0,5,31,0,0,1,0,,,,,
2017-12-30,0,3,0,0,6,32,0,0,0,0,,,,,
2017-12-31,0,4,0,0,7,33,0,0,0,0,,,,,
2018-01-01,0,5,0,0,8,34,0,0,1,1,,,,,
2018-01-02,1,6,1,1,9,35,1,1,2,2,,,,,
2018-01-03,2,7,2,2,10,36,2,2,3,0,,,,,
2018-01-04,3,8,3,0,11,37,3,3,4,1,,,,,
2018-01-05,0,9,4,0,12,38,4,4,5,2,,,,,
2018-01-06,0,10,0,0,13,39,5,5,6,3,,,,,
2018-01-07,1,11,1,1,14,40,6,6,0,4,,,,,
2018-01-08,2,12,2,2,15,41,7,7,1,5,,,,,
2018-01-09,3,13,3,3,16,42,8,8,2,6,,,,,
2018-01-10,0,14,0,4,17,43,9,0,3,7,,,,,
2018-01-11,1,15,1,5,18,44,0,0,4,8,,,,,
2018-01-12,2,16,2,6,19,45,1,0,5,9,,,,,
2018-01-13,3,17,3,7,20,46,0,0,6,10,,,,,
2018-01-14,0,18,0,0,21,47,0,1,7,11,,,,,
2018-01-15,0,19,0,1,22,48,1,2,0,12,,,,,
2018-01-16,1,20,1,2,23,49,2,3,1,13,,,,,
2018-01-17,2,21,2,3,24,50,3,4,2,14,,,,,
2018-01-18,3,22,3,4,25,51,4,5,3,15,,,,,
2018-01-19,4,23,4,5,26,52,5,6,4,16,,,,,
2018-01-20,5,24,5,6,27,0,6,7,5,17,,,,,
2018-01-21,6,25,6,7,28,1,7,8,6,18,,,,,
2018-01-22,7,26,7,8,29,0,8,9,7,19,,,,,
2018-01-23,8,27,8,9,30,1,9,0,8,20,,,,,
2018-01-24,9,28,9,10,31,2,10,1,9,21,,,,,
2018-01-25,10,29,10,11,32,3,11,2,10,22,,,,,
2018-01-26,11,30,11,12,33,4,12,0,11,23,,,,,
2018-01-27,12,31,12,13,34,5,0,0,12,0,,,,,
2018-01-28,13,32,13,14,35,6,0,0,13,1,,,,,
2018-01-29,14,33,14,15,36,7,1,1,14,2,,,,,
2018-01-30,15,34,15,16,37,8,2,2,15,3,,,,,
2018-01-31,16,35,16,17,38,9,0,3,0,4,,,,,
2018-02-01,17,36,17,18,39,10,1,0,1,5,,,,,
2018-02-02,18,37,18,19,40,11,2,0,2,6,,,,,
2018-02-03,19,38,19,20,41,12,0,1,3,7,,,,,
2018-02-04,20,39,20,21,42,13,0,0,4,8,,,,,
2018-02-05,21,40,21,22,43,14,1,1,5,9,,,,,
2018-02-06,22,41,22,23,44,15,2,2,6,10,,,,,
2018-02-07,23,42,23,24,45,16,3,3,7,11,,,,,
2018-02-08,0,43,0,25,46,17,0,4,8,12,,,,,
2018-02-09,1,44,1,26,47,18,0,0,9,0,,,,,
2018-02-10,2,0,2,27,48,19,1,1,10,1,,,,,
2018-02-11,3,1,3,28,49,20,0,0,11,2,,,,,
2018-02-12,4,0,4,29,0,21,0,0,12,3,,,,,
2018-02-13,5,0,5,30,0,0,1,1,13,4,,,,,
2018-02-14,6,1,6,31,1,0,0,0,14,5,,,,,
2018-02-15,7,0,7,32,0,1,0,0,15,6,,,,,
2018-02-16,8,1,8,33,1,2,0,0,16,7,,,,,
2018-02-17,9,2,9,34,2,0,1,0,17,8,,,,,
2018-02-18,10,0,10,35,0,0,0,0,18,9,,,,,
2018-02-19,11,0,11,36,0,1,0,0,19,10,,,,,
2018-02-20,12,0,12,37,0,2,0,0,20,11,,,,,
2018-02-21,13,0,13,38,0,3,0,0,21,12,,,,,
2018-02-22,14,0,14,39,0,0,1,1,22,13,,,,,
2018-02-23,15,0,15,40,0,0,2,2,23,14,,,,,
2018-02-24,16,0,16,41,1,1,3,3,24,15,,,,,
2018-02-25,17,1,17,42,2,2,4,4,25,16,,,,,
2018-02-26,18,0,18,43,0,0,5,5,26,17,,,,,
2018-02-27,19,1,19,44,1,1,6,6,27,18,,,,,
2018-02-28,20,2,20,45,2,2,7,7,28,19,,,,,
2018-03-01,21,3,21,46,3,3,8,8,29,20,,,,,
2018-03-02,22,0,22,47,4,4,9,9,30,21,,,,,
2018-03-03,23,1,23,48,5,5,10,10,31,22,,,,,
2018-03-04,24,2,24,49,6,6,11,11,32,23,,,,,
2018-03-05,25,3,25,50,7,7,12,0,33,24,,,,,
2018-03-06,26,4,26,51,8,8,13,0,34,25,,,,,
2018-03-07,27,0,27,52,0,9,14,0,35,26,,,,,
2018-03-08,28,1,28,53,1,10,15,1,36,27,,,,,
2018-03-09,29,2,29,54,0,11,16,2,37,28,,,,,
2018-03-10,30,0,30,55,0,12,17,3,38,29,,,,,
2018-03-11,31,0,31,56,0,13,18,4,39,30,,,,,
2018-03-12,32,1,32,57,1,14,0,5,40,31,,,,,
2018-03-13,33,2,33,58,2,15,0,6,41,32,,,,,
2018-03-14,34,3,34,59,0,16,0,0,42,33,,,,,
2018-03-15,35,0,35,60,1,17,1,1,43,34,,,,,
2018-03-16,36,0,36,61,0,18,2,2,44,35,,,,,
2018-03-17,37,1,37,62,1,19,3,3,45,36,,,,,
2018-03-18,0,2,0,63,2,20,4,4,46,37,,,,,
2018-03-19,0,3,0,64,3,21,5,5,47,38,,,,,
2018-03-20,0,4,0,0,4,22,6,6,48,39,,,,,
2018-03-21,1,5,1,1,5,23,7,7,0,0,,,,,
2018-03-22,2,6,2,2,6,24,8,8,1,1,,,,,
2018-03-23,3,7,3,3,0,25,9,9,2,2,,,,,
2018-03-24,4,0,4,4,1,26,10,10,3,3,,,,,
2018-03-25,5,0,5,5,0,27,11,11,4,4,,,,,
2018-03-26,6,0,6,6,1,28,12,12,0,0,,,,,
2018-03-27,7,1,7,7,2,29,13,13,0,0,,,,,
2018-03-28,8,2,8,8,3,30,14,14,1,1,,,,,
2018-03-29,9,3,9,9,4,31,0,15,2,2,,,,,
2018-03-30,10,4,10,10,5,32,0,0,3,3,,,,,
2018-03-31,11,5,11,11,6,33,0,0,4,4,,,,,
2018-04-01,12,6,12,12,7,34,0,0,5,5,,,,,
2018-04-02,13,0,0,13,8,35,0,0,6,6,,,,,
2018-04-03,14,1,1,14,9,0,0,0,7,7,,,,,
2018-04-04,15,2,0,15,10,0,0,0,8,8,,,,,
2018-04-05,0,3,0,16,11,1,0,0,9,9,,,,,
2018-04-06,1,4,1,17,12,2,0,0,10,10,,,,,
2018-04-07,0,5,0,0,13,3,0,0,11,11,,,,,
2018-04-08,0,6,0,0,14,4,1,0,12,12,,,,,
2018-04-09,0,7,1,1,15,5,2,0,0,0,,,,,
2018-04-10,1,8,2,2,16,6,3,1,0,0,,,,,
2018-04-11,0,9,0,0,17,0,4,0,1,0,,,,,
2018-04-12,1,0,1,0,0,0,5,1,2,1,,,,,
2018-04-13,2,1,2,1,1,0,6,2,3,2,,,,,
2018-04-14,0,2,0,0,2,1,7,3,0,0,,,,,
2018-04-15,0,3,1,1,3,0,8,4,0,1,,,,,
2018-04-16,1,4,2,2,4,1,9,5,0,2,,,,,
2018-04-17,2,5,3,0,0,2,10,6,1,3,,,,,
2018-04-18,0,0,4,1,0,3,11,0,2,4,,,,,
2018-04-19,1,0,5,0,0,4,12,1,3,5,,,,,
2018-04-20,2,1,6,0,1,5,13,2,4,6,,,,,
2018-04-21,3,2,7,0,2,6,14,3,5,7,,,,,
2018-04-22,4,0,8,1,0,7,15,4,6,8,,,,,
2018-04-23,0,0,0,2,0,8,16,5,0,9,,,,,
2018-04-24,1,0,1,3,1,9,17,6,1,10,,,,,
2018-04-25,2,1,2,4,2,10,18,7,2,11,,,,,
2018-04-26,3,2,3,5,3,11,19,8,3,12,,,,,
2018-04-27,4,3,4,6,4,12,20,9,4,13,,,,,
2018-04-28,5,4,5,7,5,13,21,10,5,14,,,,,
2018-04-29,6,5,6,0,6,14,22,11,6,15,,,,,
2018-04-30,7,6,7,0,7,15,23,12,7,16,,,,,
2018-05-01,8,7,0,1,8,16,24,13,8,17,,,,,
2018-05-02,9,8,1,2,9,17,25,0,9,18,,,,,
2018-05-03,10,9,2,3,10,18,26,1,10,19,,,,,
2018-05-04,11,10,3,4,11,0,27,2,11,20,,,,,
2018-05-05,12,0,4,5,12,1,28,3,12,21,,,,,
2018-05-06,13,1,5,6,13,2,29,4,13,22,,,,,
2018-05-07,14,2,6,7,14,3,30,5,14,23,,,,,
2018-05-08,15,3,7,8,15,4,31,6,15,24,,,,,
2018-05-09,16,4,8,9,16,0,32,7,16,25,,,,,
2018-05-10,17,5,9,10,17,0,33,8,0,26,,,,,
2018-05-11,0,6,0,11,18,1,34,9,1,27,,,,,
2018-05-12,1,7,0,12,19,2,35,10,0,0,,,,,
2018-05-13,0,8,1,13,20,3,36,11,1,1,,,,,
2018-05-14,1,9,2,14,21,4,37,12,2,2,,,,,
2018-05-15,2,10,3,15,22,5,38,13,3,3,,,,,
2018-05-16,3,11,4,16,23,6,39,14,0,0,,,,,
2018-05-17,4,12,5,17,24,7,40,15,0,1,,,,,
2018-05-18,0,13,6,18,25,0,41,16,0,2,,,,,
2018-05-19,0,14,7,19,26,0,42,17,1,0,,,,,
2018-05-20,1,15,8,20,27,1,43,18,2,0,,,,,
2018-05-21,0,16,0,21,28,2,44,19,3,0,,,,,
2018-05-22,1,0,1,22,0,3,45,20,0,1,,,,,
2018-05-23,2,0,2,23,1,4,46,21,0,2,,,,,
2018-05-24,3,1,0,24,2,0,47,22,0,3,,,,,
2018-05-25,4,2,1,25,3,1,48,23,1,4,,,,,
2018-05-26,5,3,2,26,4,2,49,24,2,5,,,,,
2018-05-27,6,4,3,27,5,3,50,25,0,0,,,,,
2018-05-28,7,5,4,28,6,0,51,26,1,1,,,,,
2018-05-29,8,6,5,29,0,1,52,27,2,2,,,,,
2018-05-30,0,7,0,30,0,2,53,28,0,3,,,,,
2018-05-31,1,8,1,31,1,3,54,29,1,4,,,,,
2018-06-01,2,0,2,32,0,4,55,30,2,5,,,,,
2018-06-02,3,1,3,33,1,5,0,0,3,6,,,,,
2018-06-03,4,2,4,34,2,0,0,0,0,0,,,,,
2018-06-04,5,3,5,35,0,0,1,1,0,1,,,,,
2018-06-05,6,4,6,0,1,1,2,2,1,2,,,,,
2018-06-06,7,5,7,1,0,2,3,3,2,3,,,,,
2018-06-07,8,0,8,2,1,3,4,4,3,4,,,,,
2018-06-08,9,0,9,3,0,4,5,5,4,5,,,,,
2018-06-09,10,1,10,4,1,0,6,6,5,6,,,,,
2018-06-10,11,0,11,5,0,1,7,7,0,0,,,,,
2018-06-11,0,1,0,0,0,0,8,0,0,0,,,,,
2018-06-12,1,0,1,0,0,1,9,1,0,0,,,,,
2018-06-13,2,1,2,1,1,2,10,2,1,1,,,,,
2018-06-14,3,2,3,2,2,0,11,3,2,0,,,,,
2018-06-15,4,3,4,3,3,0,12,4,3,1,,,,,
2018-06-16,5,4,5,4,4,1,13,5,0,2,,,,,
2018-06-17,6,5,6,5,5,0,14,0,0,3,,,,,
2018-06-18,7,6,7,6,6,0,15,1,1,4,,,,,
2018-06-19,8,7,8,7,7,1,16,2,2,5,,,,,
2018-06-20,9,8,9,8,8,2,17,3,3,6,,,,,
2018-06-21,10,9,0,9,9,3,18,4,4,0,,,,,
2018-06-22,0,10,0,0,10,0,19,5,0,0,,,,,
2018-06-23,1,11,1,1,11,1,20,6,1,1,,,,,
2018-06-24,2,12,2,2,0,2,21,7,2,2,,,,,
2018-06-25,3,0,0,0,0,0,22,8,0,3,,,,,
2018-06-26,0,1,0,0,0,0,23,9,0,4,,,,,
2018-06-27,1,0,1,1,0,0,24,0,1,0,,,,,
2018-06-28,2,1,2,2,1,1,0,1,2,1,,,,,
2018-06-29,3,2,3,3,2,2,1,0,3,2,,,,,
2018-06-30,4,3,4,4,0,3,0,1,4,3,,,,,
2018-07-01,5,4,5,5,1,0,0,0,0,4,,,,,
2018-07-02,6,5,6,6,2,1,1,0,0,5,,,,,
2018-07-03,7,0,7,7,0,2,0,0,1,6,,,,,
2018-07-04,8,1,8,8,1,3,1,0,2,7,,,,,
2018-07-05,9,2,9,9,2,4,2,1,3,8,,,,,
2018-07-06,10,3,10,10,3,5,3,2,4,9,,,,,
2018-07-07,0,4,0,0,4,6,4,3,5,10,,,,,
2018-07-08,1,0,0,1,5,7,5,0,6,11,,,,,
2018-07-09,2,1,1,2,6,8,6,1,7,12,,,,,
2018-07-10,3,2,2,3,7,9,7,0,8,13,,,,,
2018-07-11,4,3,3,4,8,10,8,1,9,14,,,,,
2018-07-12,5,4,4,5,9,11,9,2,0,15,,,,,
2018-07-13,6,5,0,6,10,12,10,3,0,16,,,,,
2018-07-14,7,6,1,7,11,0,0,0,1,0,,,,,
2018-07-15,8,0,2,8,12,1,0,1,2,1,,,,,
2018-07-16,9,1,3,9,13,2,1,2,3,2,,,,,
2018-07-17,10,2,4,10,14,3,2,3,4,3,,,,,
2018-07-18,11,3,5,11,15,4,3,4,5,0,,,,,
2018-07-19,0,0,0,12,16,5,4,5,0,0,,,,,
2018-07-20,1,0,1,13,0,6,5,6,1,1,,,,,
2018-07-21,2,0,2,14,0,7,6,7,2,2,,,,,
2018-07-22,3,0,3,15,1,8,7,8,3,3,,,,,
2018-07-23,4,1,4,16,2,9,8,0,4,4,,,,,
2018-07-24,5,2,5,17,3,10,0,1,5,5,,,,,
2018-07-25,6,3,6,18,4,11,0,2,6,6,,,,,
2018-07-26,7,4,7,19,5,12,0,3,7,7,,,,,
2018-07-27,8,5,8,0,6,13,0,4,8,8,,,,,
2018-07-28,9,6,9,1,7,14,1,5,9,9,,,,,
2018-07-29,10,7,10,2,8,15,2,6,10,10,,,,,
2018-07-30,11,8,11,3,9,16,3,7,11,11,,,,,
2018-07-31,12,9,12,4,10,17,4,8,12,12,,,,,
2018-08-01,13,10,13,5,11,18,5,9,13,13,,,,,
2018-08-02,14,0,14,6,12,19,6,10,14,14,,,,,
2018-08-03,15,1,15,7,0,20,7,11,15,15,,,,,
2018-08-04,16,2,16,8,0,21,8,12,16,16,,,,,
2018-08-05,17,3,17,9,1,0,9,13,17,17,,,,,
2018-08-06,18,4,18,10,2,0,10,14,18,18,,,,,
2018-08-07,19,5,19,11,3,1,11,15,19,19,,,,,
2018-08-08,20,6,20,12,4,2,12,16,20,20,,,,,
2018-08-09,21,7,21,13,5,3,13,17,21,21,,,,,
2018-08-10,22,8,22,14,6,4,14,18,22,22,,,,,
2018-08-11,23,9,23,15,7,5,15,19,23,23,,,,,
2018-08-12,24,10,24,16,8,6,16,0,24,24,,,,,
2018-08-13,25,0,25,17,9,7,0,0,25,25,,,,,
2018-08-14,26,1,26,18,10,8,1,0,26,26,,,,,
2018-08-15,27,2,27,19,11,9,2,1,27,27,,,,,
2018-08-16,28,0,28,20,12,10,3,2,28,28,,,,,
2018-08-17,29,0,29,21,13,0,4,3,29,29,,,,,
2018-08-18,30,1,30,22,0,1,0,0,30,30,,,,,
2018-08-19,31,0,31,23,1,2,1,0,0,0,,,,,
2018-08-20,32,1,32,24,2,3,0,1,0,1,,,,,
2018-08-21,33,2,33,25,3,4,0,2,0,2,,,,,
2018-08-22,34,3,34,26,4,5,1,3,1,3,,,,,
2018-08-23,0,4,0,27,5,6,2,4,2,4,,,,,
2018-08-24,1,0,1,28,6,7,3,5,3,5,,,,,
2018-08-25,2,1,2,29,0,8,0,6,4,6,,,,,
2018-08-26,3,2,3,30,1,9,1,7,5,7,,,,,
2018-08-27,4,0,4,31,0,10,2,0,6,8,,,,,
2018-08-28,5,0,5,32,0,11,3,0,7,9,,,,,
2018-08-29,6,1,6,33,1,12,4,1,8,10,,,,,
2018-08-30,7,2,7,34,2,13,5,2,9,11,,,,,
2018-08-31,8,3,8,35,0,14,0,3,10,0,,,,,
2018-09-01,9,4,9,36,1,15,1,4,11,0,,,,,
2018-09-02,10,5,10,37,2,16,0,0,12,1,,,,,
2018-09-03,11,6,11,38,3,17,1,1,13,2,,,,,
2018-09-04,12,7,12,39,4,18,2,2,14,3,,,,,
2018-09-05,13,8,13,40,5,19,0,3,15,4,,,,,
2018-09-06,14,9,14,41,6,20,1,4,16,5,,,,,
2018-09-07,15,10,0,42,7,21,2,5,17,0,,,,,
2018-09-08,16,11,1,43,8,22,3,6,0,0,,,,,
2018-09-09,0,12,2,44,9,23,4,7,0,0,,,,,
2018-09-10,1,0,3,45,10,24,5,8,0,0,,,,,
2018-09-11,2,1,4,46,11,25,6,9,1,1,,,,,
2018-09-12,3,2,5,47,12,26,7,10,2,2,,,,,
2018-09-13,4,3,6,48,13,27,0,0,3,3,,,,,
2018-09-14,5,4,7,49,14,28,0,0,4,4,,,,,
2018-09-15,6,5,8,50,15,29,1,0,5,5,,,,,
2018-09-16,7,6,9,51,16,30,2,1,6,6,,,,,
2018-09-17,8,7,10,52,0,31,3,2,7,7,,,,,
2018-09-18,9,0,11,53,0,32,0,0,8,8,,,,,
2018-09-19,10,0,12,54,0,0,1,1,9,9,,,,,
2018-09-20,0,1,13,55,1,1,0,0,10,10,,,,,
2018-09-21,1,2,14,56,2,0,1,1,0,11,,,,,
2018-09-22,2,3,15,57,3,0,2,0,1,0,,,,,
2018-09-23,3,4,16,0,4,1,0,0,0,0,,,,,
2018-09-24,0,0,17,1,5,2,1,1,0,0,,,,,
2018-09-25,1,0,18,2,6,0,2,2,0,0,,,,,
2018-09-26,2,1,19,3,7,1,3,3,1,1,,,,,
2018-09-27,3,2,20,0,8,2,4,4,2,2,,,,,
2018-09-28,4,3,21,1,9,3,5,5,3,3,,,,,
2018-09-29,5,4,22,0,10,4,0,0,4,4,,,,,
2018-09-30,6,5,23,1,11,5,0,0,5,5,,,,,
2018-10-01,7,6,24,2,12,6,1,0,6,6,,,,,
2018-10-02,8,0,25,3,13,0,2,0,7,7,,,,,
2018-10-03,9,0,26,4,0,0,3,0,8,8,,,,,
2018-10-04,10,0,0,5,0,1,4,0,9,9,,,,,
2018-10-05,0,1,0,6,1,2,0,0,10,10,,,,,
2018-10-06,0,2,1,7,2,0,1,0,0,11,,,,,
2018-10-07,0,0,2,8,3,1,2,0,1,12,,,,,
2018-10-08,1,1,3,9,4,0,3,0,2,13,,,,,
2018-10-09,2,2,4,10,5,0,4,0,3,14,,,,,
2018-10-10,3,3,5,11,6,0,5,0,4,15,,,,,
2018-10-11,4,4,6,12,7,0,6,1,5,16,,,,,
2018-10-12,5,5,7,13,8,1,7,2,6,17,,,,,
2018-10-13,6,6,8,0,9,2,8,3,7,18,,,,,
2018-10-14,7,0,9,0,10,3,9,4,8,19,,,,,
2018-10-15,8,0,10,0,0,4,10,5,0,20,,,,,
2018-10-16,9,0,11,0,0,5,11,6,1,21,,,,,
2018-10-17,10,0,12,1,1,6,12,7,2,22,,,,,
2018-10-18,11,0,13,2,2,7,13,8,3,23,,,,,
2018-10-19,12,0,14,3,0,8,0,0,0,24,,,,,
2018-10-20,13,0,15,0,0,9,1,1,1,25,,,,,
2018-10-21,0,0,0,0,0,10,2,2,2,26,,,,,
2018-10-22,0,0,0,0,0,11,3,3,0,0,,,,,
2018-10-23,1,0,1,1,0,12,4,4,0,0,,,,,
2018-10-24,2,1,2,2,1,0,0,5,1,1,,,,,
2018-10-25,3,2,3,0,2,1,1,6,2,2,,,,,
2018-10-26,0,3,0,1,3,2,2,7,0,0,,,,,
2018-10-27,1,4,1,0,4,3,3,8,0,0,,,,,
2018-10-28,2,5,2,1,5,4,4,9,1,1,,,,,
2018-10-29,3,6,3,2,6,5,5,10,2,2,,,,,
2018-10-30,4,7,4,0,7,6,6,11,3,3,0.0,0.0,0.0,0.0,
2018-10-31,5,8,5,1,8,7,7,12,4,4,0.0,0.0,0.0,0.0,
2018-11-01,6,9,6,2,9,8,8,13,5,5,0.0,0.0,0.0,0.0,
2018-11-02,7,10,7,3,10,9,9,14,6,6,0.0,0.0,0.0,0.0,
2018-11-03,8,11,8,4,11,10,10,15,7,7,0.0,0.0,0.0,0.0,
2018-11-04,9,12,9,5,12,11,11,16,8,8,0.0,0.0,0.0,0.0,
2018-11-05,10,13,10,6,13,12,12,17,9,9,0.0,0.0,0.0,0.0,
2018-11-06,11,14,11,7,14,13,13,18,10,10,0.0,0.0,0.0,0.0,
2018-11-07,12,15,12,8,15,14,0,19,11,11,0.0,0.0,0.0,0.0,
2018-11-08,13,16,13,9,0,15,0,0,12,12,0.0,0.0,0.0,0.0,
2018-11-09,0,17,14,10,0,16,1,1,13,13,0.0,0.0,0.0,0.0,
2018-11-10,1,18,15,11,1,17,2,2,14,14,0.0,0.0,0.0,0.0,
2018-11-11,2,0,16,12,0,18,3,3,15,15,0.0,0.0,0.0,0.0,
2018-11-12,3,1,17,13,0,19,4,4,16,16,0.0,0.0,0.0,0.0,
2018-11-13,0,2,18,14,1,20,5,5,17,17,0.0,0.0,0.0,0.0,
2018-11-14,0,3,0,0,2,0,6,6,0,0,0.0,0.0,0.0,0.0,
2018-11-15,0,4,0,1,3,0,7,7,0,0,0.0,0.0,0.0,0.0,
2018-11-16,0,5,1,2,4,0,8,8,1,1,0.0,0.0,0.0,0.0,
2018-11-17,0,6,0,3,5,1,9,9,2,0,0.0,0.0,0.0,0.0,
2018-11-18,0,0,0,4,6,0,10,10,0,0,0.0,0.0,0.0,0.0,
2018-11-19,1,1,1,5,0,0,11,11,0,0,0.0,0.0,0.0,0.0,
2018-11-20,2,2,0,6,1,1,12,12,1,1,0.0,0.0,0.0,0.0,
2018-11-21,0,3,0,0,2,2,13,13,2,0,0.0,0.0,0.0,0.0,
2018-11-22,0,4,0,0,3,0,14,14,0,0,0.0,0.0,0.0,0.0,
2018-11-23,0,5,0,1,4,0,15,15,0,0,0.0,0.0,0.0,0.0,
2018-11-24,1,6,1,2,5,0,16,16,0,1,0.0,0.0,0.0,0.0,
2018-11-25,2,7,2,3,6,0,17,17,0,2,0.0,0.0,0.0,0.0,
2018-11-26,3,8,3,4,7,1,18,18,1,3,0.0,0.0,0.0,0.0,
2018-11-27,4,9,4,5,8,2,19,19,2,4,0.0,0.0,0.0,0.0,
2018-11-28,5,10,5,6,9,3,20,20,3,5,0.0,0.0,0.0,0.0,
2018-11-29,6,11,6,7,10,4,21,21,4,6,0.0,0.0,0.0,0.0,
2018-11-30,7,12,7,8,11,5,22,22,5,7,0.0,0.0,0.0,0.0,
2018-12-01,8,13,8,9,12,6,23,23,6,8,0.0,0.0,0.0,0.0,
2018-12-02,9,14,9,10,13,7,24,24,7,9,0.0,0.0,0.0,0.0,
2018-12-03,10,15,10,11,14,8,25,25,8,10,0.0,0.0,0.0,0.0,
2018-12-04,11,16,11,0,15,9,26,26,9,11,0.0,0.0,0.0,0.0,
2018-12-05,12,17,12,0,16,10,27,27,0,12,0.0,0.0,0.0,0.0,
2018-12-06,13,18,0,0,17,11,28,28,0,0,0.0,0.0,0.0,0.0,
2018-12-07,0,19,0,0,18,12,29,29,1,1,0.0,0.0,0.0,0.0,
2018-12-08,0,20,0,1,19,13,30,30,2,2,0.0,0.0,0.0,0.0,
2018-12-09,0,21,0,2,20,14,31,31,0,0,0.0,0.0,0.0,0.0,
2018-12-10,0,22,1,3,21,15,32,32,1,1,0.0,0.0,0.0,0.0,
2018-12-11,1,23,2,4,22,16,33,33,2,0,0.0,0.0,0.0,0.0,
2018-12-12,2,24,3,5,23,17,34,34,3,1,0.0,0.0,0.0,0.0,
2018-12-13,3,25,4,6,24,18,35,35,4,2,0.0,0.0,0.0,0.0,
2018-12-14,4,26,5,7,25,19,36,36,5,3,0.0,0.0,0.0,0.0,
2018-12-15,5,27,6,8,26,20,37,37,6,4,0.0,0.0,0.0,0.0,
2018-12-16,6,28,7,9,27,21,38,38,7,5,0.0,0.0,0.0,0.0,
2018-12-17,7,29,8,10,28,22,39,39,8,6,0.0,0.0,0.0,0.0,
2018-12-18,8,30,9,11,29,23,40,40,9,7,0.0,0.0,0.0,0.0,
2018-12-19,9,31,10,12,30,24,41,41,10,8,0.0,0.0,0.0,0.0,
2018-12-20,10,32,11,13,31,25,42,42,11,9,0.0,0.0,0.0,0.0,
2018-12-21,11,33,12,14,32,26,43,43,12,10,0.0,0.0,0.0,0.0,
2018-12-22,12,34,13,15,33,27,44,44,13,11,0.0,0.0,0.0,0.0,
2018-12-23,13,35,14,16,34,28,45,45,14,12,0.0,0.0,0.0,0.0,
2018-12-24,14,36,15,17,35,29,46,46,0,13,0.0,0.0,0.0,0.0,
2018-12-25,15,37,16,18,36,30,47,47,1,14,0.0,0.0,0.0,0.0,
2018-12-26,16,38,17,19,37,31,48,48,2,15,0.0,0.0,0.0,0.0,
2018-12-27,17,39,18,20,38,32,49,49,3,16,0.0,0.0,0.0,0.0,
2018-12-28,18,40,19,21,39,0,50,50,4,17,0.0,0.0,0.0,0.0,
2018-12-29,19,41,20,22,40,1,51,51,5,18,0.0,0.0,0.0,0.0,
2018-12-30,20,42,21,23,41,2,52,52,6,19,0.0,0.0,0.0,0.0,
2018-12-31,21,43,22,24,42,0,53,53,7,20,0.0,0.0,0.0,0.0,
2019-01-01,22,44,23,25,43,1,54,54,8,21,0.0,0.0,0.0,0.0,
2019-01-02,23,45,24,26,44,2,55,55,9,22,0.0,0.0,0.0,0.0,
2019-01-03,24,46,25,27,45,3,56,56,10,23,0.0,0.0,0.0,0.0,
2019-01-04,25,47,26,28,46,0,57,57,11,24,0.0,0.0,0.0,0.0,
2019-01-05,26,48,27,29,47,1,58,58,12,25,0.0,0.0,0.0,0.0,
2019-01-06,27,49,28,30,48,2,59,59,13,26,0.0,0.0,0.0,0.0,
2019-01-07,28,50,29,31,49,3,60,60,14,27,0.0,0.0,0.0,0.0,
2019-01-08,29,0,30,32,50,4,61,61,15,28,0.0,0.0,0.0,0.0,
2019-01-09,30,1,31,33,51,5,62,62,16,29,0.0,0.0,0.0,0.0,
2019-01-10,31,2,32,34,52,6,63,63,17,30,0.0,0.0,0.0,0.0,
2019-01-11,0,3,0,0,53,7,64,64,18,31,0.0,0.0,0.0,0.0,
2019-01-12,0,4,0,1,54,8,65,65,0,0,0.0,0.0,0.0,0.0,
2019-01-13,1,5,1,2,55,9,66,66,1,1,0.0,0.0,0.0,0.0,
2019-01-14,2,6,2,3,56,10,67,67,2,2,0.0,0.0,1.0,0.0,
2019-01-15,3,7,3,4,57,11,68,68,0,3,0.0,0.0,0.0,0.0,
2019-01-16,4,0,4,5,0,12,69,69,1,0,0.0,0.0,0.0,0.0,
2019-01-17,5,0,5,6,0,13,70,70,2,0,0.0,0.0,0.0,0.0,
2019-01-18,0,1,6,7,1,14,71,0,0,0,0.0,0.0,0.0,0.0,
2019-01-19,0,2,0,0,2,15,72,0,1,1,0.0,0.0,0.0,0.0,
2019-01-20,0,3,0,0,0,0,73,1,0,2,0.0,0.0,0.0,0.0,
2019-01-21,1,0,1,0,1,1,74,2,1,3,0.0,0.0,0.0,0.0,
2019-01-22,2,1,2,1,0,2,75,0,2,4,0.0,0.0,0.0,0.0,
2019-01-23,3,2,3,2,1,3,0,0,3,5,0.0,0.0,0.0,0.0,
2019-01-24,4,3,4,3,2,4,0,0,4,6,0.0,0.0,0.0,0.0,
2019-01-25,5,4,5,4,3,5,1,1,5,7,0.0,0.0,0.0,0.0,
2019-01-26,6,5,6,5,4,6,2,2,6,8,0.0,0.0,0.0,0.0,
2019-01-27,7,6,7,6,5,7,3,3,7,9,0.0,0.0,0.0,0.0,
2019-01-28,0,0,0,7,6,8,4,4,0,10,0.0,0.0,0.0,0.0,
2019-01-29,0,0,1,8,7,9,5,5,0,11,0.0,0.0,0.0,0.0,
2019-01-30,1,0,2,0,0,10,6,6,1,12,0.0,0.0,0.0,0.0,
2019-01-31,2,1,3,0,1,11,7,7,0,0,0.0,0.0,0.0,0.0,
2019-02-01,3,2,4,0,2,12,8,8,1,1,0.0,0.0,0.0,0.0,
2019-02-02,4,3,5,1,3,13,0,0,2,2,0.0,0.0,0.0,0.0,
2019-02-03,5,0,6,2,0,0,1,0,3,3,0.0,0.0,0.0,0.0,
2019-02-04,6,0,7,3,0,1,0,0,4,4,0.0,0.0,0.0,0.0,
2019-02-05,7,0,8,4,0,2,0,0,5,5,0.0,0.0,0.0,0.0,
2019-02-06,8,1,9,5,0,3,0,0,6,6,0.0,0.0,0.0,0.0,
2019-02-07,9,2,10,6,1,4,0,1,7,7,0.0,0.0,0.0,0.0,
2019-02-08,10,3,11,7,2,5,1,2,8,8,1.0,0.0,0.0,0.0,
2019-02-09,11,4,12,8,3,6,0,3,9,9,0.0,0.0,0.0,0.0,
2019-02-10,12,0,13,9,0,7,1,0,10,10,0.0,0.0,0.0,0.0,
2019-02-11,13,0,14,10,0,8,0,0,11,11,0.0,0.0,0.0,0.0,
2019-02-12,14,0,15,11,1,9,0,0,12,12,0.0,0.0,0.0,0.0,
2019-02-13,15,0,16,12,0,10,0,0,13,13,0.0,0.0,0.0,0.0,
2019-02-14,16,0,17,13,0,11,0,0,14,14,0.0,0.0,0.0,0.0,
2019-02-15,17,1,18,14,1,12,0,0,15,15,0.0,0.0,0.0,0.0,
2019-02-16,18,0,19,15,0,13,0,0,16,16,0.0,0.0,0.0,0.0,
2019-02-17,19,0,20,16,0,14,0,0,17,0,0.0,0.0,0.0,0.0,
2019-02-18,20,1,21,17,0,15,0,0,18,1,0.0,0.0,0.0,0.0,
2019-02-19,0,2,22,18,1,0,0,1,0,0,0.0,0.0,0.0,0.0,
2019-02-20,1,3,23,19,2,0,1,2,0,0,0.0,0.0,0.0,0.0,
2019-02-21,2,4,24,20,3,0,2,3,1,1,0.0,0.0,0.0,0.0,
2019-02-22,3,5,25,21,4,0,3,4,0,0,0.0,0.0,0.0,0.0,
2019-02-23,4,6,26,22,5,0,4,5,1,1,0.0,0.0,0.0,0.0,
2019-02-24,5,0,27,23,6,0,5,6,2,2,0.0,0.0,0.0,0.0,
2019-02-25,6,0,28,24,7,0,0,0,3,3,0.0,0.0,0.0,0.0,
2019-02-26,7,0,29,25,8,1,0,0,0,4,0.0,0.0,0.0,0.0,
2019-02-27,8,0,30,26,9,2,1,0,1,5,0.0,1.0,0.0,0.0,
2019-02-28,0,1,31,27,10,3,2,1,2,6,0.0,0.0,0.0,0.0,
2019-03-01,1,0,0,0,0,4,3,2,3,7,0.0,0.0,0.0,0.0,
2019-03-02,2,0,1,1,0,5,0,0,4,8,0.0,0.0,0.0,0.0,
2019-03-03,3,1,2,2,0,6,0,0,5,9,0.0,0.0,0.0,0.0,
2019-03-04,4,0,3,3,0,7,1,0,6,10,0.0,0.0,0.0,0.0,
2019-03-05,5,0,4,4,0,8,2,1,7,11,0.0,0.0,0.0,0.0,
2019-03-06,6,0,5,5,0,9,0,0,8,0,0.0,0.0,0.0,0.0,
2019-03-07,0,1,0,0,0,10,1,1,0,0,0.0,0.0,0.0,0.0,
2019-03-08,0,0,0,0,0,0,2,2,0,0,0.0,0.0,0.0,0.0,
2019-03-09,1,0,1,0,0,1,3,3,1,0,0.0,0.0,0.0,0.0,
2019-03-10,2,0,2,1,0,2,0,4,0,0,0.0,0.0,0.0,0.0,
2019-03-11,3,1,3,2,1,3,1,5,1,1,0.0,0.0,0.0,0.0,
2019-03-12,4,2,4,3,2,4,2,6,2,2,0.0,0.0,0.0,0.0,
2019-03-13,5,0,5,4,0,5,3,7,3,3,0.0,0.0,0.0,0.0,
2019-03-14,6,0,6,5,0,6,4,8,4,4,0.0,0.0,0.0,0.0,
2019-03-15,7,1,7,6,1,7,5,9,5,5,0.0,0.0,0.0,0.0,
2019-03-16,8,2,8,7,2,8,6,10,6,6,0.0,0.0,0.0,0.0,
2019-03-17,9,3,9,8,3,9,7,11,7,7,0.0,0.0,0.0,0.0,
2019-03-18,10,4,10,9,4,10,8,12,8,8,0.0,0.0,0.0,0.0,
2019-03-19,11,5,11,10,5,11,9,13,9,9,0.0,0.0,0.0,0.0,
2019-03-20,12,6,12,11,6,12,10,14,10,0,0.0,0.0,0.0,0.0,0.0
2019-03-21,13,7,13,12,7,13,11,15,11,1,0.0,0.0,0.0,0.0,0.0
2019-03-22,14,8,14,13,8,14,12,16,12,2,0.0,0.0,0.0,0.0,0.0
2019-03-23,15,9,15,14,9,15,13,17,13,3,0.0,0.0,0.0,0.0,0.0
2019-03-24,16,10,16,15,10,16,14,18,14,4,0.0,0.0,0.0,0.0,0.0
2019-03-25,17,11,17,16,11,17,15,19,15,5,0.0,0.0,0.0,0.0,0.0
2019-03-26,18,12,18,17,0,18,16,20,16,6,0.0,0.0,0.0,0.0,0.0
2019-03-27,19,0,19,18,0,19,17,21,17,0,0.0,0.0,0.0,0.0,0.0
2019-03-28,20,1,20,19,1,0,18,22,18,1,0.0,0.0,0.0,0.0,0.0
2019-03-29,21,2,21,20,0,0,19,23,19,2,0.0,0.0,0.0,0.0,0.0
2019-03-30,22,3,22,21,1,1,20,24,20,3,0.0,0.0,0.0,0.0,0.0
2019-03-31,23,4,23,22,2,2,21,25,21,4,0.0,0.0,0.0,0.0,0.0
2019-04-01,24,5,0,0,3,3,22,26,22,5,0.0,0.0,0.0,0.0,0.0
2019-04-02,25,6,1,1,4,4,23,27,23,6,0.0,0.0,0.0,0.0,0.0
2019-04-03,26,7,2,2,5,5,24,28,24,7,0.0,0.0,0.0,0.0,0.0
2019-04-04,27,8,3,3,6,6,25,29,25,8,0.0,1.0,0.0,0.0,0.0
2019-04-05,28,9,4,4,7,7,26,30,26,9,0.0,0.0,0.0,0.0,0.0
2019-04-06,29,10,5,5,8,8,27,31,27,10,0.0,0.0,1.0,0.0,0.0
2019-04-07,30,11,6,6,9,9,28,32,28,11,0.0,0.0,0.0,0.0,0.0
2019-04-08,31,12,7,7,10,10,29,33,29,12,0.0,0.0,0.0,0.0,0.0
2019-04-09,32,13,8,8,11,11,30,34,30,13,0.0,0.0,0.0,0.0,0.0
2019-04-10,33,14,9,9,12,12,31,35,31,14,0.0,0.0,0.0,0.0,0.0
2019-04-11,0,15,0,0,13,13,32,36,32,15,0.0,0.0,0.0,0.0,0.0
2019-04-12,1,0,1,1,14,14,33,37,33,16,0.0,0.0,0.0,0.0,0.0
2019-04-13,2,1,2,2,15,15,34,38,34,17,0.0,0.0,0.0,0.0,0.0
2019-04-14,3,2,3,3,16,16,35,39,35,18,0.0,0.0,0.0,0.0,0.0
2019-04-15,4,3,4,4,17,17,36,40,36,19,0.0,0.0,0.0,0.0,0.0
2019-04-16,5,0,5,5,0,18,37,41,37,20,0.0,0.0,0.0,0.0,0.0
2019-04-17,6,1,6,6,1,19,38,42,38,21,0.0,0.0,0.0,0.0,0.0
2019-04-18,7,2,7,7,2,20,39,43,39,22,0.0,0.0,0.0,0.0,0.0
2019-04-19,8,3,8,8,3,0,40,44,40,23,1.0,0.0,0.0,0.0,0.0
2019-04-20,9,4,9,9,4,1,41,45,41,24,0.0,0.0,0.0,0.0,0.0
2019-04-21,10,0,10,10,5,2,0,0,42,25,0.0,0.0,0.0,0.0,0.0
2019-04-22,11,1,11,11,6,3,1,1,43,26,0.0,0.0,0.0,0.0,0.0
2019-04-23,12,2,12,12,7,4,2,2,44,27,0.0,0.0,0.0,0.0,0.0
2019-04-24,13,3,13,13,8,5,3,3,45,28,0.0,0.0,0.0,0.0,0.0
2019-04-25,14,0,14,14,9,6,0,4,46,29,0.0,0.0,0.0,0.0,0.0
2019-04-26,15,1,15,15,10,7,1,5,47,30,0.0,0.0,0.0,0.0,0.0
2019-04-27,16,2,16,16,0,0,0,0,48,31,0.0,0.0,0.0,0.0,0.0
2019-04-28,17,0,17,17,0,1,0,0,49,32,0.0,0.0,0.0,0.0,0.0
2019-04-29,18,0,18,0,0,2,0,0,50,33,0.0,0.0,0.0,0.0,0.0
2019-04-30,19,0,19,1,0,3,1,0,51,34,0.0,0.0,0.0,0.0,0.0
2019-05-01,0,1,20,0,0,4,2,1,52,35,0.0,0.0,0.0,0.0,0.0
2019-05-02,0,2,0,0,1,5,3,0,0,36,0.0,0.0,0.0,0.0,0.0
2019-05-03,1,3,1,1,2,6,4,1,1,0,0.0,0.0,0.0,0.0,0.0
2019-05-04,2,0,2,2,3,7,0,0,2,1,0.0,0.0,0.0,0.0,0.0
2019-05-05,0,1,0,3,0,8,0,0,0,2,0.0,0.0,0.0,0.0,0.0
2019-05-06,1,2,1,4,1,9,1,0,1,3,0.0,0.0,0.0,0.0,0.0
2019-05-07,2,3,2,5,2,10,2,1,2,4,0.0,0.0,0.0,0.0,0.0
2019-05-08,3,4,3,6,3,11,3,2,3,5,0.0,0.0,0.0,0.0,0.0
2019-05-09,4,5,4,7,4,12,4,3,4,6,0.0,0.0,0.0,0.0,0.0
2019-05-10,5,6,5,8,5,13,5,4,0,7,0.0,0.0,0.0,0.0,0.0
2019-05-11,6,7,6,0,6,14,6,5,1,8,0.0,0.0,0.0,0.0,0.0
2019-05-12,7,8,7,0,7,15,7,6,2,9,0.0,0.0,0.0,0.0,0.0
2019-05-13,8,9,8,1,0,16,8,7,3,10,0.0,0.0,0.0,0.0,0.0
2019-05-14,0,10,9,2,1,17,9,8,0,11,0.0,0.0,0.0,0.0,0.0
2019-05-15,1,11,10,3,2,18,10,9,0,0,0.0,0.0,0.0,0.0,0.0
2019-05-16,2,12,11,4,3,19,11,10,1,1,0.0,0.0,0.0,0.0,0.0
2019-05-17,3,13,12,5,4,20,12,11,2,2,0.0,0.0,0.0,0.0,0.0
2019-05-18,4,14,13,6,5,21,13,12,3,3,0.0,0.0,0.0,0.0,0.0
2019-05-19,5,0,14,7,6,22,14,13,4,4,0.0,0.0,0.0,0.0,0.0
2019-05-20,6,1,15,8,7,23,15,0,5,5,0.0,0.0,0.0,0.0,0.0
2019-05-21,0,2,16,0,8,24,0,1,0,6,0.0,0.0,0.0,0.0,0.0
2019-05-22,1,0,17,1,0,25,1,2,1,7,0.0,0.0,0.0,0.0,0.0
2019-05-23,2,1,18,2,1,26,2,3,2,8,0.0,0.0,0.0,0.0,0.0
2019-05-24,3,2,19,3,2,27,3,4,3,0,0.0,0.0,0.0,0.0,0.0
2019-05-25,4,3,20,4,3,28,0,5,4,0,0.0,0.0,0.0,0.0,0.0
2019-05-26,5,0,21,5,0,29,0,0,5,1,0.0,0.0,0.0,0.0,0.0
2019-05-27,6,1,22,0,1,30,1,0,6,0,0.0,0.0,0.0,0.0,0.0
2019-05-28,7,2,23,0,2,31,2,1,7,0,0.0,0.0,0.0,0.0,0.0
2019-05-29,8,3,0,0,3,32,3,2,8,1,0.0,0.0,0.0,0.0,0.0
2019-05-30,9,4,0,1,4,33,4,3,9,2,0.0,0.0,0.0,0.0,0.0
2019-05-31,0,5,0,2,5,0,5,4,10,3,0.0,0.0,0.0,0.0,0.0
2019-06-01,1,6,1,3,6,1,6,5,11,0,0.0,0.0,0.0,0.0,0.0
2019-06-02,2,7,2,0,7,2,7,6,12,1,0.0,0.0,0.0,0.0,0.0
2019-06-03,3,0,3,0,8,3,8,7,13,2,0.0,0.0,0.0,0.0,0.0
2019-06-04,0,1,0,0,9,4,9,8,14,0,0.0,0.0,0.0,0.0,0.0
2019-06-05,1,2,1,1,10,5,0,9,15,0,0.0,0.0,0.0,0.0,0.0
2019-06-06,2,0,2,2,11,6,1,10,16,1,0.0,0.0,0.0,0.0,0.0
2019-06-07,3,0,3,3,0,7,2,0,17,2,0.0,0.0,0.0,0.0,0.0
2019-06-08,4,0,0,4,0,8,0,1,18,3,0.0,0.0,0.0,0.0,0.0
2019-06-09,5,1,1,5,1,9,0,0,0,0,0.0,0.0,0.0,0.0,0.0
2019-06-10,6,2,2,6,2,10,1,1,1,1,0.0,0.0,0.0,0.0,0.0
2019-06-11,7,3,3,0,3,11,2,2,2,2,0.0,0.0,0.0,0.0,0.0
2019-06-12,0,4,0,0,4,12,3,3,3,3,0.0,0.0,0.0,0.0,0.0
2019-06-13,1,5,1,1,5,13,4,4,4,4,0.0,0.0,0.0,0.0,0.0
2019-06-14,2,6,2,2,6,14,5,5,5,5,0.0,0.0,0.0,0.0,0.0
2019-06-15,3,7,3,3,7,15,6,6,6,6,0.0,0.0,0.0,0.0,0.0
2019-06-16,0,8,0,0,8,16,7,7,7,7,0.0,0.0,0.0,0.0,0.0
2019-06-17,1,9,1,0,9,17,8,8,8,8,1.0,1.0,1.0,1.0,0.0
2019-06-18,2,10,2,1,10,18,9,9,9,9,2.0,2.0,2.0,2.0,0.0
2019-06-19,3,11,3,2,11,19,10,10,10,10,3.0,3.0,3.0,3.0,0.0
2019-06-20,4,12,4,3,12,20,11,11,11,11,0.0,0.0,0.0,4.0,0.0
2019-06-21,5,13,5,4,13,21,12,0,12,12,0.0,0.0,0.0,0.0,1.0
2019-06-22,6,14,6,5,14,22,13,1,13,13,0.0,0.0,0.0,0.0,2.0
2019-06-23,7,15,7,6,15,23,14,2,14,14,0.0,0.0,0.0,0.0,3.0
2019-06-24,8,16,8,7,16,24,15,3,0,0,0.0,0.0,0.0,0.0,4.0
2019-06-25,9,0,9,8,0,25,16,0,1,0,0.0,0.0,0.0,0.0,5.0
2019-06-26,10,1,10,9,1,26,17,0,2,1,0.0,0.0,0.0,0.0,6.0
2019-06-27,11,2,11,10,2,27,0,1,3,2,0.0,0.0,0.0,0.0,7.0
2019-06-28,12,3,12,11,3,28,1,0,4,3,0.0,0.0,0.0,0.0,8.0
2019-06-29,13,4,13,12,4,29,0,0,0,4,0.0,0.0,0.0,0.0,9.0
2019-06-30,14,0,14,13,5,30,1,0,1,5,0.0,0.0,0.0,0.0,10.0
2019-07-01,15,0,15,14,6,31,2,1,2,6,0.0,0.0,0.0,0.0,11.0
2019-07-02,16,1,16,15,7,32,0,2,3,7,0.0,0.0,0.0,0.0,12.0
2019-07-03,17,2,17,16,8,33,0,0,0,8,0.0,0.0,0.0,0.0,13.0
2019-07-04,18,3,18,17,9,34,0,0,1,9,0.0,0.0,0.0,0.0,14.0
2019-07-05,19,4,19,18,10,35,0,1,2,10,0.0,0.0,0.0,0.0,15.0
2019-07-06,20,5,20,19,11,36,1,2,3,11,1.0,0.0,0.0,0.0,16.0
2019-07-07,21,0,21,20,12,37,2,3,4,0,0.0,0.0,0.0,0.0,17.0
2019-07-08,0,0,0,21,0,38,3,4,5,0,0.0,0.0,0.0,0.0,18.0
2019-07-09,1,0,1,22,0,39,4,5,6,1,0.0,0.0,0.0,0.0,19.0
2019-07-10,2,1,2,23,1,40,0,6,0,2,0.0,0.0,0.0,0.0,20.0
2019-07-11,3,2,3,24,2,41,1,7,0,3,0.0,0.0,0.0,0.0,21.0
2019-07-12,4,3,4,25,3,42,2,8,1,4,0.0,0.0,0.0,0.0,22.0
2019-07-13,5,4,5,0,4,43,3,9,2,5,0.0,0.0,0.0,0.0,23.0
2019-07-14,6,5,6,1,5,44,4,10,3,6,0.0,0.0,0.0,0.0,24.0
2019-07-15,7,6,7,2,6,45,5,11,4,7,0.0,0.0,0.0,0.0,25.0
2019-07-16,8,7,8,3,7,46,6,12,5,8,0.0,0.0,0.0,0.0,26.0
2019-07-17,9,8,9,4,8,47,7,0,6,9,0.0,0.0,0.0,0.0,27.0
2019-07-18,10,9,10,5,9,48,8,1,7,10,0.0,0.0,0.0,0.0,28.0
2019-07-19,11,10,11,6,0,49,9,2,8,11,0.0,0.0,0.0,0.0,29.0
2019-07-20,12,0,12,7,1,50,10,3,9,12,0.0,0.0,0.0,0.0,30.0
2019-07-21,13,0,13,8,2,51,11,0,10,13,0.0,0.0,0.0,0.0,31.0
2019-07-22,14,1,14,9,3,52,12,1,11,14,0.0,0.0,0.0,0.0,32.0
2019-07-23,15,2,0,10,4,53,13,2,12,15,0.0,0.0,0.0,0.0,33.0
2019-07-24,16,3,1,11,5,54,14,3,13,16,0.0,0.0,0.0,0.0,34.0
2019-07-25,17,4,2,12,6,55,15,4,14,17,0.0,0.0,0.0,0.0,35.0
2019-07-26,18,5,3,13,7,56,16,5,15,18,0.0,0.0,0.0,0.0,36.0
2019-07-27,19,6,4,14,8,57,17,6,16,19,0.0,0.0,0.0,0.0,37.0
2019-07-28,20,7,5,15,9,58,18,7,17,20,0.0,0.0,0.0,0.0,38.0
2019-07-29,21,8,6,16,10,59,19,0,18,21,0.0,0.0,0.0,0.0,39.0
2019-07-30,22,9,7,17,11,60,20,1,19,22,0.0,0.0,0.0,0.0,40.0
2019-07-31,23,10,8,18,12,61,21,2,20,23,0.0,0.0,0.0,0.0,41.0
2019-08-01,24,11,0,0,13,62,22,3,21,24,0.0,0.0,0.0,0.0,42.0
2019-08-02,25,12,0,1,14,63,23,4,22,25,0.0,0.0,0.0,0.0,43.0
2019-08-03,26,0,1,2,15,64,24,5,23,26,0.0,0.0,0.0,0.0,44.0
2019-08-04,0,1,2,3,16,65,25,6,24,0,0.0,0.0,0.0,0.0,45.0
2019-08-05,1,0,3,4,17,66,26,0,0,0,0.0,0.0,0.0,0.0,46.0
2019-08-06,2,1,4,5,18,0,27,1,0,0,0.0,0.0,0.0,0.0,47.0
2019-08-07,3,2,5,6,19,0,0,2,0,0,0.0,0.0,0.0,0.0,48.0
2019-08-08,4,3,6,7,20,1,1,3,1,1,0.0,0.0,0.0,0.0,49.0
2019-08-09,5,4,7,8,21,2,2,4,2,2,0.0,0.0,0.0,0.0,50.0
2019-08-10,0,5,8,9,22,3,3,0,3,3,0.0,0.0,0.0,0.0,51.0
2019-08-11,1,6,9,10,23,4,4,0,4,4,0.0,0.0,0.0,0.0,52.0
2019-08-12,2,7,10,11,24,5,5,1,5,5,0.0,0.0,0.0,0.0,53.0
2019-08-13,3,0,11,12,25,6,6,2,6,6,0.0,0.0,0.0,0.0,54.0
2019-08-14,4,1,12,13,26,7,0,3,0,0,0.0,0.0,0.0,0.0,55.0
2019-08-15,0,2,0,14,27,8,1,4,0,0,0.0,0.0,0.0,1.0,56.0
2019-08-16,0,3,1,15,28,9,2,5,1,1,0.0,0.0,0.0,0.0,57.0
2019-08-17,1,4,2,16,29,10,3,6,2,2,0.0,0.0,1.0,0.0,58.0
2019-08-18,2,5,3,17,30,11,4,7,3,3,0.0,0.0,0.0,0.0,59.0
2019-08-19,3,6,4,18,31,12,5,8,4,4,0.0,0.0,0.0,0.0,60.0
2019-08-20,4,0,5,19,32,13,6,9,5,5,0.0,0.0,0.0,0.0,61.0
2019-08-21,5,1,6,20,33,14,7,10,6,6,0.0,0.0,0.0,0.0,62.0
2019-08-22,6,2,7,21,34,15,8,11,7,7,0.0,0.0,0.0,0.0,63.0
2019-08-23,7,3,8,22,35,16,9,12,8,8,0.0,0.0,0.0,0.0,64.0
2019-08-24,8,4,9,23,36,0,10,13,0,9,0.0,0.0,0.0,0.0,65.0
2019-08-25,9,5,10,24,37,0,11,14,0,0,0.0,0.0,1.0,0.0,66.0
2019-08-26,10,0,11,25,38,1,12,15,0,0,0.0,0.0,0.0,0.0,67.0
2019-08-27,11,1,12,26,39,2,0,0,1,1,0.0,1.0,0.0,0.0,68.0
2019-08-28,12,2,13,27,40,3,1,1,2,2,0.0,0.0,0.0,0.0,69.0
2019-08-29,13,3,14,28,41,4,0,2,3,3,0.0,0.0,0.0,0.0,70.0
2019-08-30,14,4,15,29,42,5,1,3,4,4,0.0,0.0,0.0,0.0,71.0
2019-08-31,15,5,16,30,43,6,2,4,5,5,0.0,0.0,0.0,0.0,72.0
2019-09-01,16,6,17,31,44,7,3,5,6,0,0.0,0.0,0.0,0.0,73.0
2019-09-02,17,7,18,32,45,8,4,6,7,1,0.0,0.0,0.0,0.0,74.0
2019-09-03,18,8,19,33,46,9,5,7,8,2,0.0,0.0,0.0,0.0,75.0
2019-09-04,19,9,0,34,47,10,6,8,9,3,0.0,0.0,0.0,0.0,76.0
2019-09-05,20,10,1,35,48,11,7,9,10,4,0.0,0.0,0.0,0.0,77.0
2019-09-06,21,11,2,36,49,12,8,10,11,5,0.0,0.0,0.0,0.0,78.0
2019-09-07,22,12,3,37,50,0,9,11,0,0,0.0,0.0,1.0,0.0,79.0
2019-09-08,23,13,4,0,51,1,10,12,1,1,0.0,0.0,0.0,0.0,80.0
2019-09-09,24,14,5,1,52,2,11,13,2,2,0.0,0.0,0.0,0.0,81.0
2019-09-10,25,15,0,2,53,3,12,14,3,3,0.0,0.0,0.0,0.0,82.0
2019-09-11,26,16,1,3,54,4,13,15,4,4,0.0,0.0,0.0,0.0,83.0
2019-09-12,27,17,2,4,55,0,14,16,0,5,0.0,0.0,0.0,0.0,84.0
2019-09-13,28,18,3,5,56,1,15,17,1,6,0.0,0.0,0.0,0.0,85.0
2019-09-14,29,19,4,6,57,0,16,18,0,0,0.0,0.0,0.0,0.0,86.0
2019-09-15,30,20,5,7,58,0,17,19,1,1,0.0,0.0,0.0,1.0,87.0
2019-09-16,31,21,6,8,59,1,18,20,2,2,0.0,0.0,0.0,0.0,88.0
2019-09-17,32,22,7,9,60,2,19,21,3,3,0.0,0.0,0.0,0.0,89.0
2019-09-18,33,23,8,10,61,3,20,22,0,4,0.0,0.0,1.0,0.0,90.0
2019-09-19,34,24,9,11,62,0,21,23,0,0,0.0,0.0,0.0,0.0,91.0
2019-09-20,35,25,10,12,63,1,22,24,1,1,0.0,0.0,0.0,0.0,92.0
2019-09-21,36,26,11,13,64,2,23,25,2,2,0.0,0.0,0.0,0.0,93.0
2019-09-22,37,27,12,14,65,3,24,26,3,3,0.0,0.0,0.0,0.0,94.0
2019-09-23,38,28,13,15,66,4,25,27,4,4,0.0,0.0,0.0,0.0,95.0
2019-09-24,39,29,14,16,67,5,26,28,5,5,0.0,0.0,0.0,0.0,96.0
2019-09-25,40,30,15,17,68,6,27,29,6,6,0.0,0.0,0.0,0.0,97.0
2019-09-26,41,31,16,18,69,7,28,30,7,7,0.0,1.0,0.0,0.0,98.0
2019-09-27,42,32,17,19,70,8,29,0,8,8,0.0,0.0,0.0,0.0,99.0
2019-09-28,43,33,18,20,71,9,30,0,9,9,0.0,0.0,1.0,0.0,0.0
2019-09-29,44,34,19,21,72,10,31,0,10,10,0.0,0.0,2.0,0.0,0.0
2019-09-30,0,0,20,22,0,11,32,0,11,11,0.0,0.0,0.0,0.0,0.0
2019-10-01,1,0,21,23,0,12,0,0,12,12,0.0,0.0,0.0,0.0,0.0
2019-10-02,0,1,22,24,0,13,1,1,13,13,0.0,0.0,0.0,0.0,0.0
2019-10-03,0,2,0,25,1,14,2,2,14,14,0.0,0.0,0.0,0.0,0.0
2019-10-04,0,3,0,26,2,0,3,3,15,15,0.0,0.0,0.0,0.0,0.0
2019-10-05,0,4,0,27,3,0,4,4,0,0,0.0,0.0,0.0,0.0,0.0
2019-10-06,0,0,1,28,4,0,5,5,0,0,0.0,0.0,0.0,0.0,0.0
2019-10-07,1,1,2,29,5,1,6,6,1,1,0.0,0.0,0.0,0.0,0.0
2019-10-08,2,0,3,30,0,2,7,0,2,2,0.0,0.0,0.0,0.0,0.0
2019-10-09,3,0,4,31,0,3,0,0,3,3,0.0,0.0,0.0,0.0,0.0
2019-10-10,4,0,5,32,0,4,0,0,4,4,0.0,0.0,0.0,0.0,0.0
2019-10-11,5,1,6,33,0,5,0,0,5,5,0.0,0.0,0.0,0.0,0.0
2019-10-12,6,2,7,34,1,6,1,1,6,6,0.0,0.0,0.0,1.0,0.0
2019-10-13,7,3,8,35,2,7,2,2,7,7,0.0,0.0,0.0,0.0,0.0
2019-10-14,8,4,9,36,3,8,3,3,8,8,0.0,0.0,0.0,0.0,0.0
2019-10-15,9,5,10,37,4,9,4,4,9,9,0.0,0.0,0.0,0.0,0.0
2019-10-16,10,6,11,38,5,10,0,5,10,0,0.0,0.0,0.0,0.0,0.0
2019-10-17,11,7,12,39,6,11,1,6,11,1,0.0,0.0,0.0,0.0,0.0
2019-10-18,12,8,13,40,7,12,2,7,12,2,0.0,0.0,0.0,0.0,0.0
2019-10-19,13,9,14,41,0,13,0,8,13,3,0.0,0.0,0.0,0.0,0.0
2019-10-20,0,10,15,42,1,14,1,0,14,4,0.0,0.0,0.0,0.0,0.0
2019-10-21,1,11,16,43,2,15,2,1,15,5,0.0,0.0,0.0,0.0,0.0
2019-10-22,2,12,17,44,3,16,3,2,16,6,0.0,0.0,0.0,0.0,0.0
2019-10-23,3,0,18,45,4,17,4,3,17,7,0.0,0.0,0.0,0.0,0.0
2019-10-24,4,1,19,46,5,18,5,4,18,8,0.0,0.0,0.0,0.0,0.0
2019-10-25,5,2,20,47,6,19,6,5,19,9,0.0,0.0,0.0,0.0,0.0
2019-10-26,6,0,21,48,0,20,0,6,20,10,0.0,0.0,0.0,0.0,0.0
2019-10-27,7,0,22,49,0,21,1,7,21,11,0.0,0.0,0.0,0.0,0.0
2019-10-28,8,0,23,50,0,22,2,0,22,12,0.0,0.0,0.0,0.0,0.0
2019-10-29,9,1,24,51,0,23,0,0,23,13,0.0,0.0,0.0,0.0,0.0
2019-10-30,10,0,25,52,0,24,0,0,24,14,1.0,0.0,0.0,0.0,0.0
2019-10-31,11,1,26,53,0,25,1,1,25,15,2.0,0.0,0.0,0.0,0.0
2019-11-01,12,0,0,54,0,26,2,2,26,16,0.0,0.0,0.0,0.0,0.0
2019-11-02,13,0,0,55,1,27,3,3,0,17,0.0,0.0,0.0,0.0,0.0
2019-11-03,14,1,1,56,2,28,4,4,0,18,0.0,0.0,0.0,1.0,0.0
2019-11-04,15,2,2,57,3,29,5,5,1,19,0.0,0.0,0.0,0.0,0.0
2019-11-05,16,3,3,0,4,30,6,6,2,20,1.0,0.0,0.0,0.0,0.0
2019-11-06,17,4,4,0,5,31,0,7,3,21,0.0,0.0,0.0,0.0,0.0
2019-11-07,18,5,5,0,6,32,0,8,4,22,0.0,0.0,0.0,0.0,0.0
2019-11-08,0,6,0,0,7,33,1,9,0,0,0.0,1.0,1.0,1.0,0.0
2019-11-09,0,7,0,1,8,34,2,10,0,0,0.0,2.0,2.0,2.0,0.0
2019-11-10,1,8,1,2,9,35,0,0,1,0,0.0,0.0,0.0,0.0,0.0
2019-11-11,2,9,2,3,10,36,1,0,2,1,1.0,0.0,0.0,0.0,0.0
2019-11-12,0,10,0,0,11,0,2,1,3,2,2.0,0.0,0.0,0.0,0.0
2019-11-13,0,11,0,0,12,1,3,2,4,3,0.0,0.0,0.0,1.0,0.0
2019-11-14,1,12,1,1,13,0,4,3,5,0,0.0,0.0,1.0,0.0,0.0
2019-11-15,2,13,2,2,14,0,5,4,6,1,1.0,0.0,0.0,0.0,0.0
2019-11-16,0,14,0,0,15,1,6,5,7,0,0.0,1.0,1.0,1.0,0.0
2019-11-17,0,15,0,0,16,2,7,6,0,0,0.0,2.0,2.0,2.0,0.0
2019-11-18,1,16,1,1,17,3,8,7,1,1,1.0,3.0,3.0,3.0,0.0
2019-11-19,2,17,2,2,18,4,9,8,2,2,2.0,4.0,4.0,4.0,0.0
2019-11-20,3,18,3,3,19,5,10,9,3,3,3.0,0.0,5.0,5.0,0.0
2019-11-21,4,19,4,4,20,6,11,10,4,4,4.0,0.0,6.0,0.0,0.0
2019-11-22,5,20,5,5,21,7,12,11,5,5,5.0,0.0,0.0,0.0,0.0
2019-11-23,6,21,6,6,22,8,13,12,6,6,6.0,1.0,1.0,0.0,0.0
2019-11-24,7,22,7,7,23,9,14,13,7,7,7.0,2.0,2.0,1.0,0.0
2019-11-25,8,23,8,8,24,10,15,14,8,8,8.0,3.0,3.0,2.0,0.0
2019-11-26,9,24,9,9,25,11,16,15,9,9,0.0,4.0,0.0,3.0,0.0
2019-11-27,10,25,10,10,26,12,17,0,10,10,0.0,5.0,0.0,4.0,0.0
2019-11-28,11,26,11,11,0,13,18,1,11,11,0.0,0.0,0.0,0.0,0.0
2019-11-29,12,27,12,12,0,14,19,2,12,12,0.0,0.0,0.0,1.0,0.0
2019-11-30,13,28,13,0,1,15,20,3,13,13,0.0,0.0,0.0,2.0,0.0
2019-12-01,0,29,14,1,2,16,21,4,14,14,0.0,0.0,0.0,0.0,0.0
2019-12-02,1,30,15,2,3,17,22,5,15,0,0.0,1.0,0.0,0.0,0.0
2019-12-03,0,31,0,0,4,18,23,6,16,1,0.0,2.0,1.0,1.0,0.0
2019-12-04,1,32,1,1,5,19,24,7,17,2,0.0,3.0,2.0,2.0,0.0
2019-12-05,2,33,2,2,6,20,25,8,18,3,1.0,4.0,0.0,3.0,0.0
2019-12-06,0,34,3,0,7,21,26,9,19,4,2.0,5.0,1.0,4.0,0.0
2019-12-07,1,35,4,1,8,22,27,10,20,5,3.0,6.0,2.0,5.0,0.0
2019-12-08,2,36,5,2,9,23,28,11,21,6,4.0,0.0,0.0,0.0,0.0
2019-12-09,3,37,6,3,10,24,29,12,22,7,5.0,0.0,0.0,0.0,0.0
2019-12-10,4,38,7,4,11,25,30,13,23,8,6.0,0.0,0.0,0.0,0.0
2019-12-11,5,39,8,5,12,26,31,14,24,9,7.0,0.0,0.0,0.0,0.0
2019-12-12,6,40,9,6,13,27,32,15,25,10,8.0,0.0,0.0,0.0,0.0
2019-12-13,7,41,10,7,14,28,33,16,26,11,9.0,0.0,0.0,0.0,0.0
2019-12-14,8,42,11,8,15,29,34,17,27,12,10.0,0.0,0.0,1.0,0.0
2019-12-15,9,43,12,9,16,30,35,18,28,13,0.0,0.0,0.0,0.0,0.0
2019-12-16,10,44,13,10,17,31,36,19,29,14,0.0,0.0,0.0,0.0,0.0
2019-12-17,11,45,14,11,18,32,37,20,30,15,0.0,0.0,0.0,0.0,0.0
2019-12-18,0,46,0,0,19,33,38,21,31,16,0.0,0.0,0.0,0.0,0.0
2019-12-19,1,47,1,0,20,34,39,22,32,17,0.0,0.0,0.0,0.0,0.0
2019-12-20,2,48,2,0,21,35,40,23,33,18,0.0,0.0,1.0,1.0,0.0
2019-12-21,3,49,0,1,22,36,41,24,34,19,0.0,0.0,0.0,2.0,0.0
2019-12-22,4,50,1,2,23,37,42,25,35,20,0.0,1.0,0.0,0.0,0.0
2019-12-23,5,51,2,3,24,38,0,26,36,21,1.0,2.0,1.0,0.0,0.0
2019-12-24,6,52,3,4,25,39,1,27,37,22,2.0,3.0,2.0,1.0,0.0
2019-12-25,7,53,4,5,26,40,2,28,38,23,3.0,4.0,3.0,2.0,0.0
2019-12-26,8,0,5,6,27,41,3,29,39,24,4.0,0.0,0.0,3.0,0.0
2019-12-27,9,1,6,7,28,42,4,30,40,25,5.0,1.0,1.0,4.0,0.0
2019-12-28,10,2,7,8,29,43,5,31,41,26,6.0,2.0,2.0,5.0,0.0
2019-12-29,11,3,8,9,30,44,6,32,42,27,7.0,0.0,0.0,6.0,0.0
2019-12-30,12,4,9,10,31,45,7,33,43,28,8.0,0.0,1.0,7.0,0.0
2019-12-31,13,5,10,11,32,46,8,34,44,29,9.0,1.0,2.0,8.0,0.0
2020-01-01,14,6,11,12,33,47,9,35,45,30,10.0,2.0,3.0,9.0,0.0
2020-01-02,15,7,12,13,34,48,10,36,46,31,11.0,3.0,4.0,10.0,0.0
2020-01-03,16,8,13,14,35,49,11,37,47,32,12.0,4.0,0.0,0.0,0.0
2020-01-04,17,9,14,15,36,50,12,38,48,33,13.0,5.0,1.0,1.0,0.0
2020-01-05,18,10,15,16,37,51,13,39,49,34,0.0,0.0,0.0,0.0,0.0
2020-01-06,19,11,16,17,38,52,14,40,50,35,0.0,0.0,0.0,0.0,0.0
2020-01-07,20,12,17,18,39,53,15,41,51,36,1.0,0.0,0.0,0.0,0.0
2020-01-08,21,13,18,19,40,54,16,42,52,37,0.0,1.0,1.0,1.0,0.0
2020-01-09,22,14,19,20,0,55,0,43,53,38,0.0,2.0,0.0,2.0,0.0
2020-01-10,23,15,20,21,1,0,1,44,54,39,1.0,0.0,0.0,0.0,0.0
2020-01-11,24,16,21,22,2,1,2,45,55,40,2.0,0.0,0.0,0.0,0.0
2020-01-12,25,17,22,23,3,2,3,0,56,41,3.0,0.0,0.0,0.0,0.0
2020-01-13,26,18,23,24,0,3,0,0,57,42,4.0,0.0,0.0,0.0,0.0
2020-01-14,27,0,24,25,0,4,0,0,58,43,5.0,0.0,0.0,0.0,0.0
2020-01-15,28,0,25,26,0,0,0,0,59,44,6.0,0.0,0.0,0.0,0.0
2020-01-16,29,0,26,27,0,1,0,0,60,45,7.0,0.0,0.0,0.0,0.0
2020-01-17,30,0,27,28,0,2,0,0,61,46,8.0,1.0,1.0,1.0,0.0
2020-01-18,0,0,28,29,1,3,0,0,0,47,0.0,2.0,2.0,2.0,0.0
2020-01-19,1,1,29,30,2,4,0,0,1,48,1.0,0.0,0.0,3.0,0.0
2020-01-20,2,2,30,31,3,5,1,1,2,49,2.0,0.0,0.0,4.0,0.0
2020-01-21,3,3,31,32,4,0,2,2,0,0,0.0,1.0,1.0,5.0,0.0
2020-01-22,4,4,32,33,5,0,3,3,0,1,1.0,2.0,2.0,0.0,0.0
2020-01-23,5,5,33,34,6,1,4,4,1,2,2.0,3.0,3.0,1.0,0.0
2020-01-24,6,6,34,35,7,2,5,5,2,3,0.0,4.0,4.0,2.0,0.0
2020-01-25,7,7,35,36,8,0,6,6,3,4,1.0,5.0,5.0,3.0,0.0
2020-01-26,8,8,36,37,9,1,7,7,4,5,2.0,6.0,6.0,4.0,0.0
2020-01-27,9,9,37,38,10,2,8,8,5,6,3.0,7.0,7.0,5.0,0.0
2020-01-28,10,10,38,39,11,3,9,9,6,7,4.0,8.0,8.0,6.0,0.0
2020-01-29,11,11,39,40,12,4,10,10,7,8,5.0,9.0,9.0,7.0,0.0
2020-01-30,12,12,40,41,13,5,11,11,8,9,0.0,10.0,10.0,8.0,0.0
2020-01-31,13,13,41,42,14,6,12,12,9,10,1.0,11.0,11.0,9.0,0.0
2020-02-01,14,14,42,43,15,0,13,13,10,11,2.0,12.0,12.0,10.0,0.0
2020-02-02,15,15,43,44,16,1,14,14,11,12,3.0,13.0,13.0,11.0,0.0
2020-02-03,16,16,44,45,17,2,15,15,12,13,4.0,14.0,14.0,12.0,0.0
2020-02-04,17,17,45,46,18,3,16,16,13,14,5.0,15.0,15.0,13.0,0.0
2020-02-05,18,18,46,47,19,4,17,17,14,15,0.0,16.0,16.0,14.0,0.0
2020-02-06,19,19,47,48,20,5,18,18,15,16,0.0,17.0,17.0,0.0,0.0
2020-02-07,20,20,48,49,21,6,19,19,16,17,0.0,18.0,18.0,0.0,0.0
2020-02-08,0,21,0,50,22,7,20,20,17,18,0.0,19.0,19.0,1.0,0.0
2020-02-09,0,22,0,51,23,8,21,21,18,19,0.0,20.0,20.0,2.0,0.0
2020-02-10,1,23,1,52,24,9,22,22,19,20,1.0,21.0,21.0,3.0,0.0
2020-02-11,2,24,2,53,25,10,23,23,20,21,2.0,22.0,22.0,4.0,0.0
2020-02-12,3,25,3,54,26,11,24,24,21,22,3.0,23.0,23.0,0.0,0.0
2020-02-13,4,26,4,55,27,12,25,25,22,23,0.0,0.0,24.0,0.0,0.0
2020-02-14,5,27,5,56,28,0,26,26,23,24,0.0,1.0,25.0,1.0,0.0
2020-02-15,6,28,6,57,29,0,27,27,0,0,0.0,2.0,26.0,2.0,0.0
2020-02-16,7,29,7,58,30,1,28,28,1,1,1.0,3.0,27.0,3.0,0.0
2020-02-17,8,30,8,59,31,2,0,29,2,0,2.0,4.0,0.0,4.0,0.0
2020-02-18,9,31,9,60,32,3,1,30,3,0,3.0,5.0,0.0,0.0,0.0
2020-02-19,10,32,10,61,33,0,0,31,4,1,4.0,0.0,0.0,0.0,0.0
2020-02-20,11,33,11,62,34,1,1,32,0,0,0.0,1.0,1.0,0.0,0.0
2020-02-21,0,34,12,63,35,2,2,33,0,0,0.0,2.0,2.0,1.0,0.0
2020-02-22,1,35,13,64,36,0,3,34,1,1,1.0,3.0,3.0,2.0,0.0
2020-02-23,2,36,14,65,37,1,4,35,2,2,2.0,4.0,4.0,3.0,0.0
2020-02-24,3,37,15,66,38,2,5,36,3,3,3.0,5.0,5.0,4.0,0.0
2020-02-25,4,38,16,67,39,3,6,37,4,4,4.0,6.0,6.0,5.0,0.0
2020-02-26,5,39,17,68,40,4,7,38,5,5,5.0,7.0,7.0,6.0,0.0
2020-02-27,6,40,18,69,41,5,8,39,6,6,6.0,0.0,8.0,7.0,0.0
2020-02-28,7,41,19,70,42,6,9,40,7,7,7.0,1.0,9.0,8.0,0.0
2020-02-29,0,0,0,0,0,0,10,41,0,8,0.0,0.0,0.0,0.0,0.0
2020-03-01,1,1,1,1,1,1,11,42,1,9,1.0,1.0,1.0,1.0,0.0
2020-03-02,2,2,2,2,2,2,12,43,2,10,0.0,2.0,2.0,2.0,0.0
2020-03-03,3,3,3,3,3,3,13,44,3,11,1.0,3.0,3.0,3.0,0.0
2020-03-04,4,4,4,4,4,4,14,45,4,12,2.0,4.0,4.0,4.0,0.0
2020-03-05,5,5,5,5,5,5,15,46,5,13,3.0,5.0,5.0,5.0,0.0
2020-03-06,6,6,6,6,6,6,16,47,6,14,4.0,6.0,6.0,6.0,0.0
2020-03-07,7,7,7,7,7,7,17,48,7,15,5.0,7.0,7.0,7.0,0.0
2020-03-08,8,0,8,8,8,8,18,49,8,16,6.0,8.0,0.0,0.0,0.0
2020-03-09,9,1,9,9,9,0,19,50,9,17,7.0,9.0,0.0,0.0,0.0
2020-03-10,10,2,10,10,10,1,20,51,10,18,8.0,10.0,1.0,1.0,0.0
2020-03-11,11,3,11,11,11,2,21,52,11,19,0.0,11.0,2.0,2.0,0.0
2020-03-12,12,4,12,12,0,3,22,53,12,20,0.0,0.0,0.0,3.0,0.0
2020-03-13,13,0,13,13,1,4,0,0,13,21,1.0,0.0,0.0,0.0,0.0
2020-03-14,14,1,14,14,0,5,0,0,14,22,0.0,0.0,0.0,0.0,0.0
2020-03-15,15,0,15,15,0,6,0,0,0,23,0.0,1.0,0.0,1.0,0.0
2020-03-16,16,0,16,16,0,0,0,0,1,24,0.0,0.0,0.0,2.0,0.0
2020-03-17,17,0,17,17,0,0,1,1,2,25,1.0,0.0,0.0,0.0,0.0
2020-03-18,18,0,18,18,0,1,2,2,3,26,2.0,0.0,0.0,0.0,0.0
2020-03-19,19,1,19,19,0,2,0,3,4,27,3.0,0.0,0.0,0.0,0.0
2020-03-20,20,2,20,20,1,0,0,0,5,28,4.0,0.0,0.0,0.0,1.0
2020-03-21,21,0,0,0,2,1,1,1,6,29,0.0,0.0,0.0,0.0,0.0
2020-03-22,22,1,1,1,3,0,2,2,7,0,0.0,0.0,0.0,1.0,0.0
2020-03-23,23,2,2,2,4,0,3,3,8,0,0.0,0.0,0.0,0.0,0.0
2020-03-24,24,0,3,3,0,1,4,4,9,1,1.0,1.0,0.0,1.0,0.0
2020-03-25,25,1,4,4,1,2,5,5,10,2,2.0,2.0,0.0,2.0,0.0
2020-03-26,26,0,5,5,0,3,6,6,11,3,3.0,0.0,0.0,0.0,1.0
2020-03-27,27,1,6,6,1,4,7,7,12,4,4.0,0.0,0.0,0.0,2.0
2020-03-28,28,2,7,7,2,5,8,8,13,5,5.0,1.0,1.0,0.0,3.0
2020-03-29,29,3,8,8,3,6,9,9,14,6,6.0,2.0,0.0,1.0,0.0
2020-03-30,30,4,9,9,4,7,10,10,15,7,7.0,3.0,0.0,2.0,0.0
2020-03-31,31,0,10,10,0,8,11,11,16,8,0.0,0.0,0.0,3.0,0.0
2020-04-01,32,0,11,11,1,9,12,0,17,9,1.0,0.0,0.0,4.0,1.0
2020-04-02,33,1,12,12,0,10,0,0,18,10,2.0,0.0,0.0,0.0,2.0
2020-04-03,34,2,13,13,0,11,1,1,19,11,3.0,0.0,0.0,0.0,3.0
2020-04-04,35,0,14,14,0,12,2,0,20,12,4.0,0.0,0.0,0.0,4.0
2020-04-05,36,1,15,15,0,13,3,1,21,13,5.0,0.0,0.0,0.0,5.0
2020-04-06,37,0,16,16,0,14,4,2,22,14,6.0,0.0,0.0,1.0,6.0
2020-04-07,38,1,17,17,0,15,5,3,23,15,0.0,0.0,0.0,0.0,7.0
2020-04-08,39,0,18,18,0,16,6,4,24,16,1.0,0.0,0.0,1.0,8.0
2020-04-09,40,0,19,19,1,17,7,5,25,17,2.0,0.0,0.0,2.0,9.0
2020-04-10,41,0,20,20,0,18,8,0,26,18,3.0,1.0,1.0,3.0,10.0
2020-04-11,42,1,21,0,1,19,0,0,27,19,4.0,0.0,0.0,4.0,11.0
2020-04-12,0,0,22,1,0,20,0,0,28,20,0.0,0.0,0.0,0.0,0.0
2020-04-13,1,0,23,2,0,21,0,0,29,21,1.0,0.0,0.0,0.0,0.0
2020-04-14,2,1,24,3,1,22,1,1,30,22,2.0,0.0,0.0,0.0,0.0
2020-04-15,3,2,25,4,2,23,2,2,31,23,0.0,0.0,0.0,0.0,0.0
2020-04-16,4,3,26,5,3,24,3,3,32,24,1.0,0.0,1.0,0.0,0.0
2020-04-17,5,4,27,0,4,25,4,4,33,25,0.0,0.0,0.0,0.0,0.0
2020-04-18,0,5,0,0,5,26,5,5,34,0,0.0,0.0,0.0,1.0,1.0
2020-04-19,1,6,1,0,6,27,6,6,35,0,0.0,0.0,0.0,0.0,0.0
2020-04-20,0,7,0,0,7,28,7,7,36,1,0.0,0.0,1.0,0.0,0.0
2020-04-21,1,8,1,0,8,29,8,8,37,0,0.0,0.0,2.0,0.0,0.0
2020-04-22,0,9,0,0,9,30,9,9,38,1,0.0,1.0,3.0,0.0,0.0
2020-04-23,0,10,0,0,10,31,10,10,0,2,0.0,0.0,0.0,1.0,0.0
2020-04-24,0,11,0,1,11,32,11,11,1,0,0.0,0.0,1.0,0.0,0.0
2020-04-25,1,12,0,2,12,33,12,12,2,1,0.0,0.0,2.0,1.0,1.0
2020-04-26,2,13,1,3,13,34,13,13,3,2,0.0,1.0,3.0,2.0,2.0
2020-04-27,3,14,2,4,14,0,14,14,4,3,1.0,0.0,4.0,3.0,0.0
2020-04-28,4,15,3,5,15,1,15,15,5,4,2.0,1.0,5.0,4.0,0.0
2020-04-29,5,16,4,6,16,2,16,16,6,5,0.0,2.0,6.0,5.0,0.0
2020-04-30,6,17,5,7,17,3,17,17,0,6,1.0,3.0,7.0,6.0,0.0
2020-05-01,7,18,6,8,18,4,18,18,1,7,2.0,4.0,8.0,7.0,1.0
2020-05-02,8,19,7,9,19,5,0,19,2,8,3.0,0.0,9.0,8.0,2.0
2020-05-03,9,20,8,10,20,6,1,20,3,0,4.0,1.0,10.0,0.0,3.0
2020-05-04,10,0,0,0,0,7,2,21,4,1,0.0,2.0,11.0,1.0,4.0
2020-05-05,0,1,0,0,1,8,3,22,5,0,0.0,3.0,12.0,2.0,0.0
2020-05-06,1,2,0,0,2,9,4,23,0,0,0.0,4.0,13.0,3.0,0.0
2020-05-07,0,3,1,0,3,10,5,24,1,1,1.0,5.0,0.0,0.0,0.0
2020-05-08,0,0,2,0,0,11,6,25,2,0,2.0,6.0,1.0,0.0,0.0
2020-05-09,0,1,0,0,1,12,7,26,3,0,3.0,7.0,0.0,0.0,0.0
2020-05-10,0,2,0,0,2,13,8,27,4,0,0.0,8.0,0.0,0.0,1.0
2020-05-11,0,3,1,0,3,14,9,28,5,1,1.0,0.0,0.0,0.0,0.0
2020-05-12,0,4,0,0,4,15,10,29,6,2,0.0,0.0,0.0,0.0,0.0
2020-05-13,0,5,0,0,5,16,11,30,7,3,0.0,1.0,0.0,0.0,0.0
2020-05-14,0,6,1,1,6,17,12,31,8,4,1.0,2.0,0.0,1.0,1.0
2020-05-15,1,7,2,2,7,18,0,32,0,0,2.0,0.0,0.0,0.0,0.0
2020-05-16,2,8,3,3,8,0,1,33,1,1,3.0,1.0,1.0,1.0,1.0
2020-05-17,3,9,4,4,9,1,2,34,2,2,0.0,2.0,2.0,2.0,0.0
2020-05-18,4,0,5,5,10,2,3,35,3,3,1.0,3.0,3.0,3.0,1.0
2020-05-19,5,1,6,6,11,0,4,36,4,4,0.0,4.0,4.0,4.0,0.0
2020-05-20,6,2,7,7,12,1,5,37,0,0,0.0,5.0,5.0,5.0,0.0
2020-05-21,7,3,8,8,0,2,6,38,1,1,1.0,6.0,6.0,6.0,1.0
2020-05-22,8,4,9,9,1,0,7,39,0,2,2.0,0.0,7.0,7.0,2.0
2020-05-23,9,5,10,10,2,1,8,40,0,0,0.0,1.0,0.0,8.0,0.0
2020-05-24,10,6,11,11,3,2,9,0,1,0,0.0,0.0,1.0,9.0,0.0
2020-05-25,11,7,12,12,4,3,10,1,2,1,1.0,0.0,2.0,10.0,1.0
2020-05-26,12,8,13,13,5,4,11,2,3,2,2.0,1.0,3.0,11.0,2.0
2020-05-27,13,0,14,14,0,5,12,0,4,3,3.0,2.0,4.0,12.0,3.0
2020-05-28,14,1,15,15,1,6,0,1,5,4,4.0,3.0,0.0,13.0,4.0
2020-05-29,15,2,16,16,2,7,1,2,6,5,5.0,0.0,0.0,0.0,5.0
2020-05-30,0,3,0,0,3,8,2,3,7,6,0.0,0.0,0.0,0.0,6.0
2020-05-31,0,4,0,0,4,9,3,4,8,7,0.0,1.0,1.0,1.0,7.0
2020-06-01,0,0,0,1,5,10,4,5,9,8,0.0,2.0,2.0,2.0,8.0
2020-06-02,0,1,1,2,0,11,5,6,10,0,0.0,0.0,0.0,3.0,0.0
2020-06-03,1,0,2,3,0,12,6,7,11,1,1.0,0.0,1.0,0.0,0.0
2020-06-04,2,1,3,4,1,13,0,8,12,2,2.0,0.0,0.0,0.0,1.0
2020-06-05,3,2,4,5,2,14,0,9,13,3,0.0,0.0,0.0,1.0,2.0
2020-06-06,4,3,5,6,3,15,1,10,14,4,1.0,1.0,0.0,0.0,3.0
2020-06-07,5,0,6,7,4,16,2,11,15,5,2.0,0.0,1.0,0.0,0.0
2020-06-08,6,1,0,8,5,17,3,12,16,6,3.0,1.0,2.0,1.0,0.0
2020-06-09,7,2,1,9,6,18,4,13,0,7,0.0,2.0,0.0,2.0,0.0
2020-06-10,8,3,2,10,7,19,0,14,0,8,0.0,0.0,1.0,3.0,0.0
2020-06-11,9,4,3,11,8,20,1,15,1,9,1.0,0.0,2.0,4.0,1.0
2020-06-12,0,5,0,0,9,21,2,16,2,10,2.0,1.0,3.0,5.0,2.0
2020-06-13,0,6,0,0,10,22,3,17,3,11,0.0,2.0,4.0,0.0,0.0
2020-06-14,0,7,1,0,0,23,4,18,4,12,0.0,0.0,5.0,0.0,0.0
2020-06-15,0,8,0,0,1,24,5,19,5,13,0.0,0.0,0.0,1.0,0.0
2020-06-16,1,9,1,0,2,25,6,20,6,14,1.0,1.0,1.0,2.0,0.0
2020-06-17,2,10,2,0,3,26,7,21,7,15,0.0,0.0,0.0,0.0,0.0
2020-06-18,3,0,3,1,4,27,0,22,8,16,1.0,0.0,0.0,0.0,1.0
2020-06-19,4,1,4,2,5,0,0,0,9,17,0.0,0.0,0.0,0.0,2.0
2020-06-20,5,2,5,3,6,0,0,1,10,18,1.0,0.0,0.0,0.0,0.0
2020-06-21,6,3,6,4,7,0,1,2,11,19,2.0,0.0,0.0,0.0,0.0
2020-06-22,7,4,7,5,8,1,2,3,12,20,3.0,0.0,0.0,0.0,0.0
2020-06-23,8,5,8,6,9,2,3,4,13,21,4.0,0.0,1.0,0.0,0.0
2020-06-24,9,6,9,7,10,3,4,5,14,22,5.0,1.0,2.0,0.0,0.0
2020-06-25,10,7,10,0,11,4,5,6,15,23,6.0,2.0,3.0,1.0,0.0
2020-06-26,11,8,11,1,12,5,6,7,16,24,7.0,3.0,4.0,2.0,0.0
2020-06-27,12,9,12,2,13,6,7,8,17,25,8.0,4.0,5.0,3.0,0.0
2020-06-28,13,0,13,3,14,7,8,9,18,26,9.0,5.0,0.0,4.0,0.0
2020-06-29,14,1,14,4,15,8,9,10,19,27,10.0,0.0,1.0,5.0,0.0
2020-06-30,15,2,15,5,16,9,10,11,20,28,11.0,1.0,2.0,6.0,0.0
2020-07-01,16,3,16,6,17,10,11,12,21,29,12.0,2.0,3.0,7.0,0.0
2020-07-02,17,4,17,7,18,11,12,13,22,30,0.0,3.0,4.0,8.0,0.0
2020-07-03,18,5,18,8,19,12,13,14,0,31,0.0,4.0,5.0,9.0,0.0
2020-07-04,19,6,19,9,20,0,14,15,1,32,0.0,5.0,6.0,10.0,0.0
2020-07-05,20,0,20,10,0,1,15,16,2,33,0.0,0.0,7.0,11.0,0.0
2020-07-06,0,1,21,11,1,2,16,17,0,34,0.0,0.0,0.0,12.0,0.0
2020-07-07,1,0,22,12,2,0,17,18,0,0,1.0,0.0,0.0,13.0,0.0
2020-07-08,2,1,23,13,0,1,18,19,1,1,2.0,0.0,1.0,0.0,0.0
2020-07-09,3,2,24,14,1,2,19,20,2,2,3.0,1.0,2.0,0.0,0.0
2020-07-10,4,0,25,15,0,3,0,21,3,3,4.0,2.0,3.0,0.0,0.0
2020-07-11,5,1,26,16,0,4,1,22,4,4,5.0,0.0,0.0,1.0,0.0
2020-07-12,6,0,27,17,0,5,2,23,5,5,0.0,1.0,1.0,0.0,0.0
2020-07-13,7,0,28,18,0,6,3,24,6,6,1.0,0.0,2.0,1.0,0.0
2020-07-14,8,0,29,19,0,7,4,25,7,7,0.0,0.0,0.0,0.0,0.0
2020-07-15,9,1,30,20,1,8,5,26,8,8,0.0,0.0,0.0,0.0,0.0
2020-07-16,10,2,31,21,2,9,6,27,9,9,1.0,0.0,0.0,1.0,0.0
2020-07-17,11,3,32,22,3,10,7,28,10,10,2.0,1.0,0.0,0.0,0.0
2020-07-18,12,0,33,23,4,11,8,29,11,11,3.0,2.0,0.0,0.0,0.0
2020-07-19,13,1,34,24,5,12,9,30,12,12,4.0,3.0,1.0,0.0,0.0
2020-07-20,14,2,35,25,6,13,10,31,13,13,0.0,4.0,2.0,0.0,0.0
2020-07-21,15,3,36,0,7,14,11,32,14,14,0.0,0.0,0.0,1.0,0.0
2020-07-22,16,4,37,1,8,15,12,33,15,15,1.0,1.0,1.0,2.0,0.0
2020-07-23,17,5,38,2,9,16,13,34,16,16,2.0,2.0,2.0,3.0,0.0
2020-07-24,18,6,39,3,10,17,14,35,17,17,3.0,3.0,0.0,4.0,0.0
2020-07-25,19,0,40,4,11,18,15,0,18,18,4.0,0.0,0.0,5.0,0.0
2020-07-26,20,0,41,5,12,19,16,1,19,19,5.0,0.0,0.0,0.0,0.0
2020-07-27,21,1,42,6,13,20,17,2,20,20,6.0,0.0,0.0,0.0,0.0
2020-07-28,22,2,43,7,14,21,18,3,21,21,7.0,1.0,1.0,0.0,0.0
2020-07-29,23,0,44,8,15,22,19,4,22,22,8.0,2.0,2.0,1.0,0.0
2020-07-30,24,0,45,9,16,23,20,5,23,23,0.0,3.0,3.0,2.0,0.0
2020-07-31,25,1,46,10,17,24,21,6,24,24,0.0,4.0,4.0,3.0,0.0
2020-08-01,26,2,47,11,18,25,22,7,25,25,1.0,5.0,0.0,4.0,0.0
2020-08-02,27,3,48,12,0,26,23,8,26,26,2.0,6.0,0.0,0.0,0.0
2020-08-03,28,4,49,13,1,27,24,9,27,27,3.0,0.0,1.0,0.0,0.0
2020-08-04,29,5,50,14,2,28,25,10,28,28,4.0,1.0,2.0,0.0,0.0
2020-08-05,30,6,51,15,3,29,26,11,29,29,5.0,0.0,0.0,1.0,1.0
2020-08-06,31,7,0,16,4,30,27,12,30,30,6.0,1.0,1.0,2.0,0.0
2020-08-07,32,8,1,17,5,31,28,13,31,31,0.0,2.0,2.0,3.0,0.0
2020-08-08,33,9,2,18,6,32,0,14,32,32,0.0,3.0,3.0,4.0,0.0
2020-08-09,34,0,3,19,0,33,1,0,33,33,0.0,0.0,0.0,5.0,0.0
2020-08-10,35,0,4,20,1,34,2,1,34,34,1.0,0.0,1.0,0.0,0.0
2020-08-11,36,1,5,21,0,35,0,0,35,35,2.0,0.0,2.0,1.0,0.0
2020-08-12,37,0,6,22,0,36,1,1,36,36,3.0,1.0,3.0,2.0,0.0
2020-08-13,38,0,7,23,0,37,2,0,37,37,4.0,2.0,0.0,3.0,0.0
2020-08-14,39,0,8,24,0,38,0,1,38,38,5.0,3.0,0.0,4.0,0.0
2020-08-15,40,0,9,25,1,0,1,2,39,39,6.0,4.0,0.0,0.0,0.0
2020-08-16,41,1,10,26,2,0,2,3,40,40,7.0,0.0,0.0,0.0,0.0
2020-08-17,42,2,11,27,3,1,3,4,41,41,8.0,1.0,0.0,0.0,0.0
2020-08-18,43,3,12,28,4,2,4,5,0,42,0.0,2.0,1.0,1.0,0.0
2020-08-19,44,4,13,0,5,3,5,6,1,0,0.0,3.0,2.0,2.0,0.0
2020-08-20,0,5,0,0,6,4,6,7,2,1,0.0,4.0,3.0,3.0,0.0
2020-08-21,0,6,1,1,7,5,7,8,3,2,1.0,5.0,4.0,4.0,0.0
2020-08-22,1,7,2,2,8,6,8,9,0,3,0.0,6.0,0.0,5.0,0.0
2020-08-23,2,8,3,3,9,7,9,10,1,4,1.0,0.0,0.0,6.0,0.0
2020-08-24,3,9,4,4,10,8,10,11,2,5,2.0,0.0,0.0,0.0,0.0
2020-08-25,4,0,5,5,11,9,11,12,3,6,3.0,1.0,0.0,0.0,0.0
2020-08-26,5,1,6,6,12,10,12,13,4,7,0.0,2.0,0.0,1.0,0.0
2020-08-27,0,2,7,7,13,11,13,14,5,0,0.0,0.0,0.0,0.0,0.0
2020-08-28,1,3,8,8,14,12,0,15,6,1,0.0,0.0,0.0,1.0,0.0
2020-08-29,2,4,9,9,15,13,1,16,7,0,0.0,1.0,1.0,2.0,0.0
2020-08-30,3,0,10,10,0,14,0,17,8,1,0.0,2.0,2.0,3.0,0.0
2020-08-31,4,1,11,11,1,15,0,18,0,0,0.0,0.0,0.0,0.0,0.0
2020-09-01,5,2,12,12,2,16,1,19,0,0,1.0,0.0,1.0,0.0,0.0
2020-09-02,6,3,13,13,3,17,2,20,1,1,2.0,0.0,0.0,1.0,0.0
2020-09-03,7,4,14,14,4,18,3,21,2,2,3.0,0.0,0.0,0.0,0.0
2020-09-04,8,5,15,0,5,19,4,22,3,3,4.0,0.0,0.0,0.0,0.0
2020-09-05,9,6,16,1,6,20,5,23,4,4,5.0,1.0,1.0,0.0,0.0
2020-09-06,10,7,17,2,7,21,6,24,5,5,0.0,2.0,2.0,0.0,0.0
2020-09-07,11,8,18,3,8,22,7,25,6,0,0.0,0.0,0.0,0.0,0.0
2020-09-08,12,0,19,4,9,23,8,26,7,1,1.0,0.0,0.0,0.0,0.0
2020-09-09,13,1,20,5,10,24,0,27,8,2,2.0,0.0,0.0,0.0,0.0
2020-09-10,14,2,21,6,11,25,1,28,9,3,3.0,0.0,0.0,0.0,0.0
2020-09-11,0,3,22,7,12,26,2,29,0,4,0.0,0.0,1.0,0.0,0.0
2020-09-12,1,4,0,8,13,0,3,30,0,0,0.0,1.0,0.0,0.0,0.0
2020-09-13,2,5,1,9,14,1,4,31,1,1,1.0,0.0,0.0,0.0,0.0
2020-09-14,3,6,2,10,15,2,5,32,2,0,0.0,0.0,1.0,0.0,0.0
2020-09-15,4,7,0,0,16,3,0,33,0,0,0.0,0.0,2.0,0.0,0.0
2020-09-16,5,8,1,1,17,4,0,34,0,1,0.0,0.0,0.0,0.0,0.0
2020-09-17,6,9,2,2,18,5,1,35,1,2,0.0,0.0,0.0,0.0,0.0
2020-09-18,7,10,0,3,19,6,2,36,2,3,0.0,0.0,0.0,0.0,0.0
2020-09-19,8,11,0,0,20,7,3,37,3,4,0.0,0.0,0.0,0.0,0.0
2020-09-20,0,12,1,1,21,0,4,38,0,0,0.0,1.0,1.0,0.0,0.0
2020-09-21,0,13,0,0,22,1,5,39,0,0,1.0,2.0,2.0,0.0,0.0
2020-09-22,0,14,0,0,23,2,6,40,0,0,0.0,3.0,3.0,0.0,0.0
2020-09-23,1,15,1,1,24,3,7,41,1,1,0.0,4.0,0.0,0.0,0.0
2020-09-24,2,16,2,2,25,4,8,42,2,2,0.0,5.0,1.0,0.0,0.0
2020-09-25,3,17,3,3,26,5,9,43,3,3,0.0,6.0,2.0,1.0,0.0
2020-09-26,4,18,4,4,27,6,10,44,4,4,0.0,0.0,3.0,2.0,0.0
2020-09-27,5,19,5,5,28,7,11,45,5,5,1.0,1.0,4.0,3.0,0.0
2020-09-28,6,20,6,6,29,8,12,46,6,6,2.0,2.0,0.0,4.0,1.0
2020-09-29,7,21,7,7,30,9,13,47,7,7,3.0,3.0,0.0,5.0,2.0
2020-09-30,8,22,8,8,31,10,14,48,8,8,4.0,4.0,0.0,6.0,3.0
2020-10-01,9,23,9,9,32,11,15,49,9,9,0.0,0.0,0.0,7.0,4.0
2020-10-02,10,24,10,10,33,12,16,50,10,10,1.0,1.0,1.0,0.0,5.0
2020-10-03,11,25,11,0,34,13,17,51,11,11,2.0,2.0,0.0,0.0,6.0
2020-10-04,12,26,12,1,35,14,18,52,12,12,3.0,3.0,1.0,0.0,7.0
2020-10-05,13,27,13,2,36,15,19,53,13,13,4.0,4.0,2.0,1.0,8.0
2020-10-06,14,28,14,0,37,16,20,54,14,14,5.0,5.0,3.0,0.0,9.0
2020-10-07,15,0,15,1,38,17,21,55,15,15,0.0,6.0,0.0,0.0,0.0
2020-10-08,0,1,16,0,39,18,22,56,16,16,0.0,7.0,1.0,0.0,0.0
2020-10-09,0,2,0,0,40,19,23,57,17,17,0.0,8.0,2.0,1.0,0.0
2020-10-10,1,3,1,1,41,20,24,58,18,18,1.0,9.0,3.0,2.0,1.0
2020-10-11,2,4,2,2,42,21,25,59,0,0,0.0,10.0,4.0,3.0,0.0
2020-10-12,0,5,3,3,43,22,26,60,0,0,0.0,11.0,5.0,0.0,0.0
2020-10-13,1,6,4,4,44,0,27,61,0,0,1.0,12.0,6.0,1.0,0.0
2020-10-14,2,7,5,5,45,0,28,62,1,1,2.0,0.0,0.0,0.0,1.0
2020-10-15,3,8,6,6,46,1,29,0,2,2,3.0,0.0,0.0,0.0,2.0
2020-10-16,4,9,7,7,47,2,0,0,3,3,4.0,0.0,0.0,0.0,3.0
2020-10-17,5,10,8,8,48,3,0,0,4,4,0.0,0.0,0.0,0.0,0.0
2020-10-18,6,11,9,9,49,4,0,0,5,5,0.0,0.0,0.0,0.0,0.0
2020-10-19,7,12,10,10,50,5,0,0,6,6,1.0,0.0,0.0,0.0,0.0
2020-10-20,8,13,11,11,51,6,0,1,7,7,2.0,1.0,0.0,0.0,1.0
2020-10-21,9,14,12,12,0,7,1,0,8,8,3.0,2.0,0.0,0.0,2.0
2020-10-22,10,15,13,13,0,8,2,0,9,9,4.0,0.0,0.0,0.0,3.0
2020-10-23,11,16,14,14,1,9,0,0,10,10,5.0,0.0,0.0,0.0,0.0
2020-10-24,12,0,15,15,2,10,0,0,11,11,0.0,0.0,0.0,1.0,0.0
2020-10-25,13,0,16,16,0,11,0,0,12,12,0.0,0.0,0.0,0.0,0.0
2020-10-26,14,1,17,17,0,12,1,1,0,13,0.0,0.0,0.0,0.0,0.0
2020-10-27,15,2,18,18,0,13,2,2,1,14,0.0,1.0,1.0,0.0,0.0
2020-10-28,16,3,19,19,1,14,3,3,2,15,0.0,2.0,2.0,1.0,0.0
2020-10-29,17,4,20,20,2,15,4,4,3,16,0.0,3.0,3.0,0.0,1.0
2020-10-30,0,5,0,0,3,16,5,5,4,17,0.0,4.0,4.0,1.0,0.0
2020-10-31,0,6,0,0,4,0,0,6,5,0,0.0,0.0,0.0,2.0,0.0
2020-11-01,1,7,1,1,5,0,1,7,0,0,0.0,0.0,0.0,0.0,0.0
2020-11-02,0,8,2,2,0,1,2,8,1,1,0.0,1.0,1.0,1.0,0.0
2020-11-03,1,9,3,3,1,2,3,9,0,0,0.0,2.0,2.0,2.0,0.0
2020-11-04,2,10,4,4,2,0,4,10,0,0,0.0,3.0,3.0,3.0,0.0
2020-11-05,0,11,5,5,3,1,5,11,1,1,1.0,4.0,4.0,4.0,0.0
2020-11-06,1,12,6,6,4,2,6,12,2,2,2.0,5.0,5.0,5.0,1.0
2020-11-07,2,13,7,7,5,3,7,13,3,3,3.0,6.0,6.0,6.0,2.0
2020-11-08,3,0,8,8,0,4,8,14,4,4,4.0,7.0,7.0,7.0,3.0
2020-11-09,4,0,9,9,0,5,9,15,5,5,5.0,8.0,0.0,8.0,4.0
2020-11-10,5,1,10,10,0,6,10,16,6,6,6.0,0.0,1.0,9.0,5.0
2020-11-11,6,0,11,11,0,7,11,17,7,7,7.0,1.0,0.0,10.0,6.0
2020-11-12,7,1,12,12,1,8,12,18,8,8,8.0,0.0,0.0,11.0,7.0
2020-11-13,8,2,13,13,2,9,13,19,9,9,9.0,1.0,1.0,0.0,8.0
2020-11-14,9,3,14,14,3,10,14,20,10,10,10.0,2.0,0.0,1.0,9.0
2020-11-15,10,4,15,15,4,11,15,21,11,11,11.0,0.0,0.0,0.0,0.0
2020-11-16,11,5,16,16,5,12,16,22,12,12,12.0,1.0,1.0,1.0,1.0
2020-11-17,12,6,17,17,6,13,17,23,13,13,13.0,2.0,2.0,2.0,2.0
2020-11-18,13,7,18,18,7,14,18,24,14,14,14.0,3.0,3.0,3.0,0.0
2020-11-19,14,8,19,19,8,15,19,25,15,15,15.0,0.0,4.0,4.0,0.0
2020-11-20,15,9,20,20,9,0,20,26,16,16,16.0,0.0,0.0,5.0,1.0
2020-11-21,16,10,21,21,10,1,21,27,17,17,17.0,0.0,0.0,6.0,0.0
2020-11-22,17,11,22,22,11,0,22,28,18,18,18.0,0.0,0.0,0.0,0.0
2020-11-23,18,12,23,23,12,1,23,29,19,19,19.0,0.0,0.0,0.0,1.0
2020-11-24,19,13,24,24,13,2,24,30,20,20,0.0,0.0,1.0,1.0,0.0
2020-11-25,20,14,25,25,14,3,25,31,0,21,0.0,1.0,2.0,2.0,0.0
2020-11-26,21,15,26,26,15,4,26,32,1,22,0.0,0.0,0.0,3.0,1.0
2020-11-27,22,16,27,27,16,5,27,33,2,23,1.0,0.0,0.0,4.0,2.0
2020-11-28,23,17,28,28,17,6,28,34,3,24,2.0,0.0,0.0,5.0,3.0
2020-11-29,24,18,29,29,18,7,29,35,4,25,3.0,0.0,0.0,0.0,4.0
2020-11-30,25,19,30,30,19,8,30,36,5,26,4.0,0.0,1.0,0.0,5.0
2020-12-01,26,20,31,31,20,9,31,37,6,27,5.0,1.0,2.0,1.0,6.0
2020-12-02,27,21,32,32,21,10,32,38,7,28,6.0,0.0,3.0,2.0,7.0
2020-12-03,28,22,33,33,22,11,33,39,8,29,7.0,1.0,4.0,3.0,8.0
2020-12-04,29,23,34,34,23,12,34,40,9,30,8.0,2.0,5.0,0.0,9.0
2020-12-05,30,24,35,35,24,13,35,41,10,31,9.0,3.0,6.0,1.0,10.0
2020-12-06,31,25,36,0,25,14,36,42,11,32,10.0,4.0,7.0,2.0,11.0
2020-12-07,32,26,37,1,26,15,37,43,12,33,11.0,5.0,8.0,3.0,12.0
2020-12-08,33,27,38,2,27,16,38,44,13,34,12.0,6.0,9.0,4.0,13.0
2020-12-09,34,28,39,3,28,17,39,45,14,35,13.0,7.0,10.0,5.0,0.0
2020-12-10,35,29,40,4,29,18,40,46,15,36,14.0,8.0,11.0,6.0,0.0
2020-12-11,36,30,41,5,30,19,41,47,16,37,15.0,9.0,12.0,7.0,1.0
2020-12-12,37,31,42,6,31,20,42,48,17,38,16.0,10.0,13.0,8.0,2.0
2020-12-13,38,32,43,7,32,21,43,49,18,39,17.0,0.0,0.0,9.0,3.0
2020-12-14,39,33,44,8,33,22,44,50,19,40,18.0,1.0,1.0,0.0,4.0
2020-12-15,40,34,45,9,34,23,45,51,20,41,0.0,2.0,2.0,1.0,0.0
2020-12-16,41,35,46,10,35,24,46,52,21,42,0.0,3.0,0.0,2.0,1.0
2020-12-17,42,36,47,11,36,25,47,53,22,43,0.0,0.0,0.0,3.0,0.0
2020-12-18,43,37,48,12,37,26,48,54,23,44,0.0,0.0,0.0,4.0,1.0
2020-12-19,44,38,49,13,38,27,49,55,24,45,0.0,0.0,0.0,0.0,2.0
2020-12-20,45,39,50,14,39,28,50,56,25,46,1.0,1.0,1.0,1.0,3.0
2020-12-21,46,40,51,15,40,29,51,57,26,47,2.0,0.0,2.0,0.0,4.0
2020-12-22,47,41,52,16,0,30,52,58,27,48,3.0,0.0,0.0,0.0,5.0
2020-12-23,48,42,53,17,1,31,53,59,28,0,4.0,0.0,1.0,0.0,0.0
2020-12-24,49,43,54,18,0,32,54,60,29,1,5.0,0.0,2.0,0.0,0.0
2020-12-25,50,44,55,19,1,33,55,61,30,2,6.0,0.0,3.0,1.0,1.0
2020-12-26,51,45,56,20,2,34,56,62,31,3,7.0,1.0,4.0,2.0,2.0
2020-12-27,52,46,57,21,3,35,57,63,32,4,8.0,2.0,5.0,0.0,3.0
2020-12-28,53,47,58,22,4,36,58,64,33,5,9.0,3.0,6.0,0.0,0.0
2020-12-29,54,48,59,23,5,37,59,65,34,6,10.0,4.0,7.0,1.0,0.0
2020-12-30,55,49,60,24,6,38,60,66,35,7,11.0,5.0,8.0,2.0,0.0
2020-12-31,56,50,61,25,7,39,61,67,36,8,12.0,6.0,9.0,3.0,1.0
2021-01-01,57,51,62,26,8,40,62,68,37,9,13.0,7.0,10.0,4.0,0.0
2021-01-02,58,52,63,27,9,41,63,69,38,10,14.0,8.0,11.0,5.0,0.0
2021-01-03,59,53,64,28,10,42,64,70,39,11,15.0,9.0,12.0,0.0,0.0
2021-01-04,60,54,65,29,11,43,65,71,40,12,16.0,0.0,0.0,0.0,0.0
2021-01-05,61,55,66,30,12,44,66,72,41,13,17.0,1.0,1.0,0.0,1.0
2021-01-06,62,56,67,31,13,45,67,73,42,14,18.0,2.0,2.0,1.0,2.0
2021-01-07,63,57,68,32,14,46,68,74,43,15,19.0,3.0,3.0,2.0,3.0
2021-01-08,64,58,69,33,15,47,69,75,44,16,0.0,4.0,4.0,3.0,4.0
2021-01-09,65,59,70,34,16,48,70,76,45,17,1.0,5.0,5.0,4.0,5.0
2021-01-10,66,60,71,35,17,49,71,77,46,18,2.0,6.0,6.0,5.0,6.0
2021-01-11,67,61,72,36,18,50,72,78,47,19,3.0,7.0,7.0,6.0,0.0
2021-01-12,68,62,73,37,19,51,73,79,48,20,4.0,8.0,8.0,7.0,1.0
2021-01-13,69,63,74,38,20,52,74,80,49,21,5.0,9.0,9.0,0.0,2.0
2021-01-14,70,64,75,39,21,53,75,81,50,22,6.0,10.0,10.0,1.0,3.0
2021-01-15,71,65,76,40,22,54,76,82,51,23,7.0,11.0,11.0,2.0,0.0
2021-01-16,72,66,77,41,23,55,77,83,52,24,8.0,12.0,12.0,3.0,1.0
2021-01-17,73,67,78,42,24,56,78,84,53,25,9.0,13.0,13.0,4.0,2.0
2021-01-18,74,0,79,43,0,57,79,85,54,26,10.0,14.0,14.0,5.0,3.0
2021-01-19,75,1,80,44,0,58,80,86,55,27,11.0,15.0,15.0,6.0,4.0
2021-01-20,76,2,81,45,1,59,81,87,56,28,12.0,16.0,16.0,7.0,5.0
2021-01-21,77,3,82,46,2,60,82,88,57,29,13.0,17.0,17.0,8.0,6.0
2021-01-22,78,0,83,47,0,61,83,0,58,30,14.0,18.0,18.0,9.0,7.0
2021-01-23,79,0,84,48,1,62,84,1,59,31,15.0,0.0,0.0,10.0,0.0
2021-01-24,80,1,85,49,2,63,85,2,60,32,0.0,1.0,0.0,11.0,0.0
2021-01-25,81,2,86,50,3,64,0,0,61,33,1.0,0.0,0.0,12.0,1.0
2021-01-26,82,3,87,51,0,65,0,0,62,34,2.0,0.0,0.0,0.0,0.0
2021-01-27,83,4,88,52,1,66,1,1,63,35,3.0,0.0,0.0,0.0,0.0
2021-01-28,84,5,89,53,2,67,0,2,64,36,4.0,1.0,1.0,1.0,0.0
2021-01-29,85,6,90,54,3,68,1,3,65,37,5.0,2.0,2.0,2.0,1.0
2021-01-30,0,7,91,55,4,69,2,4,66,38,6.0,3.0,3.0,3.0,0.0
2021-01-31,1,8,92,56,5,70,3,5,67,39,7.0,4.0,4.0,4.0,0.0
2021-02-01,2,9,0,57,6,71,4,6,68,40,0.0,5.0,5.0,5.0,1.0
2021-02-02,3,10,1,58,7,72,5,7,69,41,1.0,6.0,6.0,6.0,2.0
2021-02-03,4,11,2,59,8,73,6,8,70,42,2.0,7.0,7.0,7.0,3.0
2021-02-04,5,12,3,60,9,74,7,9,71,43,0.0,8.0,8.0,8.0,4.0
2021-02-05,6,13,4,61,10,75,8,10,72,44,1.0,9.0,9.0,9.0,5.0
2021-02-06,7,14,5,62,11,76,0,11,73,45,2.0,0.0,10.0,0.0,6.0
2021-02-07,8,15,6,63,12,77,0,12,74,46,0.0,1.0,0.0,0.0,0.0
2021-02-08,9,16,7,64,13,78,0,13,75,47,1.0,2.0,0.0,0.0,0.0
2021-02-09,10,17,8,65,0,79,1,14,76,48,2.0,3.0,1.0,1.0,1.0
2021-02-10,11,18,9,66,1,80,2,0,77,0,0.0,0.0,0.0,2.0,0.0
2021-02-11,12,19,10,67,2,81,3,0,78,1,0.0,0.0,0.0,0.0,0.0
2021-02-12,13,0,11,68,0,82,4,1,79,2,1.0,0.0,1.0,0.0,0.0
2021-02-13,14,1,12,69,1,83,5,2,80,3,2.0,0.0,0.0,0.0,0.0
2021-02-14,15,2,13,70,2,84,6,3,81,4,3.0,0.0,0.0,0.0,1.0
2021-02-15,16,3,14,71,3,85,7,4,82,5,4.0,1.0,1.0,0.0,2.0
2021-02-16,17,4,15,72,4,86,0,0,83,6,5.0,0.0,0.0,1.0,3.0
2021-02-17,18,5,16,73,0,87,1,1,84,7,6.0,0.0,1.0,0.0,4.0
2021-02-18,19,6,17,74,1,88,2,2,85,8,7.0,1.0,2.0,1.0,5.0
2021-02-19,20,7,18,75,2,89,3,3,0,0,8.0,2.0,3.0,2.0,0.0
2021-02-20,21,8,19,76,3,90,4,4,1,1,9.0,3.0,4.0,3.0,1.0
2021-02-21,22,9,20,77,4,91,5,5,2,2,10.0,4.0,5.0,4.0,2.0
2021-02-22,23,10,21,78,5,92,6,6,3,0,11.0,5.0,6.0,5.0,3.0
2021-02-23,24,11,22,79,6,93,7,7,4,1,12.0,6.0,7.0,6.0,4.0
2021-02-24,25,0,23,80,0,94,8,8,5,2,13.0,7.0,8.0,7.0,5.0
2021-02-25,26,1,24,81,1,95,9,9,6,3,14.0,8.0,9.0,8.0,0.0
2021-02-26,27,2,25,82,2,96,10,10,7,4,15.0,9.0,10.0,9.0,0.0
2021-02-27,28,3,26,83,3,97,11,11,8,5,16.0,0.0,0.0,0.0,0.0
2021-02-28,29,4,27,84,4,98,12,12,9,6,17.0,0.0,0.0,0.0,0.0
2021-03-01,30,5,28,85,5,99,13,13,10,7,18.0,1.0,1.0,0.0,0.0
2021-03-02,0,6,29,86,6,100,14,14,0,8,0.0,2.0,2.0,1.0,0.0
2021-03-03,1,7,30,87,7,101,15,15,1,9,0.0,3.0,3.0,2.0,0.0
2021-03-04,2,8,31,88,8,102,16,16,2,10,0.0,4.0,4.0,3.0,0.0
2021-03-05,3,9,32,89,9,103,17,17,3,11,0.0,5.0,5.0,4.0,0.0
2021-03-06,4,10,33,90,10,104,18,18,4,12,1.0,6.0,6.0,5.0,0.0
2021-03-07,5,11,34,91,11,105,19,19,5,13,2.0,7.0,7.0,6.0,1.0
2021-03-08,0,12,0,92,12,106,20,20,6,14,3.0,8.0,8.0,7.0,0.0
2021-03-09,1,13,1,93,13,107,21,21,7,15,4.0,9.0,9.0,8.0,0.0
2021-03-10,2,14,2,94,14,108,22,22,8,16,5.0,10.0,10.0,9.0,1.0
2021-03-11,3,0,3,95,0,109,23,23,9,17,6.0,11.0,11.0,10.0,2.0
2021-03-12,4,1,4,96,1,110,24,24,10,18,7.0,0.0,12.0,0.0,3.0
2021-03-13,5,2,5,97,2,111,25,25,11,19,8.0,1.0,13.0,1.0,4.0
2021-03-14,6,3,6,98,3,112,26,26,12,20,0.0,2.0,14.0,2.0,0.0
2021-03-15,0,4,0,99,4,113,27,27,0,0,0.0,3.0,15.0,3.0,0.0
2021-03-16,1,5,1,100,5,114,28,28,0,0,1.0,4.0,16.0,4.0,0.0
2021-03-17,2,6,2,101,6,115,29,29,1,1,0.0,5.0,17.0,5.0,0.0
2021-03-18,3,7,3,102,7,116,30,30,2,2,1.0,6.0,18.0,6.0,1.0
2021-03-19,4,8,4,103,8,117,31,31,3,3,2.0,7.0,19.0,7.0,0.0
2021-03-20,5,9,5,104,9,118,32,32,4,4,3.0,8.0,20.0,8.0,0.0
2021-03-21,6,10,6,105,10,119,33,33,5,5,4.0,9.0,21.0,9.0,1.0
2021-03-22,7,11,7,106,11,120,34,34,6,6,5.0,10.0,22.0,0.0,2.0
2021-03-23,8,12,8,107,0,121,35,35,7,7,6.0,0.0,23.0,1.0,3.0
2021-03-24,9,13,9,108,1,122,36,36,8,8,7.0,0.0,24.0,2.0,4.0
2021-03-25,10,14,10,109,2,123,37,37,9,9,8.0,1.0,25.0,3.0,5.0
2021-03-26,11,0,11,110,3,124,38,38,10,10,9.0,2.0,26.0,4.0,6.0
2021-03-27,12,1,12,111,4,125,39,39,11,11,10.0,0.0,0.0,0.0,7.0
2021-03-28,13,0,13,112,0,126,40,40,12,12,11.0,1.0,1.0,0.0,8.0
2021-03-29,14,0,14,113,0,127,41,41,13,13,0.0,0.0,0.0,1.0,9.0
2021-03-30,15,0,15,114,0,128,42,42,14,14,0.0,0.0,0.0,0.0,0.0
2021-03-31,16,0,16,115,1,129,43,43,15,15,1.0,0.0,1.0,0.0,1.0
2021-04-01,17,1,17,116,2,130,44,44,16,16,2.0,1.0,2.0,0.0,2.0
2021-04-02,18,2,18,0,3,131,45,45,17,17,0.0,2.0,3.0,1.0,3.0
2021-04-03,19,3,19,1,4,132,46,46,18,18,0.0,3.0,4.0,2.0,0.0
2021-04-04,20,4,20,2,5,133,47,47,19,19,1.0,4.0,5.0,3.0,1.0
2021-04-05,21,0,21,3,0,134,48,48,20,20,2.0,5.0,6.0,4.0,2.0
2021-04-06,22,1,22,4,1,135,49,49,21,21,3.0,6.0,7.0,0.0,3.0
2021-04-07,23,2,23,5,2,136,50,50,22,22,4.0,7.0,8.0,0.0,4.0
2021-04-08,24,3,24,6,0,137,51,51,23,23,5.0,8.0,9.0,1.0,5.0
2021-04-09,25,0,25,7,1,138,52,52,24,24,6.0,9.0,10.0,2.0,6.0
2021-04-10,26,0,26,8,0,139,53,0,25,25,7.0,10.0,11.0,0.0,7.0
2021-04-11,27,0,27,9,0,140,54,1,26,26,8.0,11.0,12.0,1.0,0.0
2021-04-12,28,0,28,10,0,141,55,2,27,27,9.0,12.0,13.0,2.0,1.0
2021-04-13,29,1,29,11,0,142,56,3,28,28,10.0,13.0,14.0,3.0,0.0
2021-04-14,30,0,30,12,1,143,57,4,29,29,11.0,14.0,15.0,4.0,0.0
2021-04-15,31,1,31,13,2,144,58,5,30,30,12.0,15.0,16.0,5.0,0.0
2021-04-16,32,2,32,14,3,145,59,6,31,31,13.0,16.0,0.0,6.0,0.0
2021-04-17,33,3,33,15,4,146,60,7,32,32,14.0,17.0,1.0,7.0,1.0
2021-04-18,34,4,34,16,5,147,61,8,33,33,15.0,18.0,2.0,0.0,2.0
2021-04-19,35,5,35,17,6,148,0,9,34,34,16.0,0.0,0.0,0.0,3.0
2021-04-20,36,0,36,18,0,149,0,0,35,35,17.0,0.0,0.0,1.0,4.0
2021-04-21,37,0,37,0,1,150,1,0,36,36,18.0,0.0,0.0,2.0,5.0
2021-04-22,38,1,38,1,2,151,2,1,37,37,19.0,1.0,0.0,3.0,6.0
2021-04-23,39,2,39,0,3,152,0,0,38,38,20.0,0.0,0.0,0.0,7.0
2021-04-24,40,3,40,1,4,153,0,1,39,39,21.0,0.0,0.0,0.0,8.0
2021-04-25,41,4,41,2,5,154,0,2,40,40,22.0,1.0,0.0,1.0,9.0
2021-04-26,0,5,42,0,6,155,1,3,41,41,23.0,2.0,1.0,2.0,10.0
2021-04-27,1,6,43,1,7,156,2,4,42,42,0.0,3.0,2.0,3.0,11.0
2021-04-28,2,7,44,2,8,157,3,5,43,43,1.0,4.0,3.0,0.0,12.0
2021-04-29,3,8,45,3,9,158,4,6,44,44,2.0,5.0,4.0,0.0,13.0
2021-04-30,4,9,46,4,10,159,5,7,45,45,3.0,6.0,5.0,0.0,14.0
2021-05-01,0,10,0,0,11,160,6,8,46,46,4.0,7.0,6.0,0.0,15.0
2021-05-02,1,11,0,1,12,161,7,9,47,47,0.0,8.0,7.0,1.0,16.0
2021-05-03,2,12,1,2,13,162,0,10,48,48,0.0,9.0,0.0,0.0,17.0
2021-05-04,3,13,2,3,14,163,1,11,49,0,1.0,0.0,1.0,0.0,18.0
2021-05-05,4,0,3,4,0,164,2,12,0,1,2.0,1.0,2.0,0.0,19.0
2021-05-06,0,1,4,0,1,165,3,13,1,2,3.0,2.0,3.0,0.0,20.0
2021-05-07,1,2,5,1,2,166,4,14,0,3,0.0,3.0,4.0,1.0,21.0
2021-05-08,2,3,6,2,3,167,5,15,1,4,1.0,4.0,5.0,2.0,22.0
2021-05-09,3,4,7,3,4,168,6,16,2,5,2.0,0.0,6.0,0.0,23.0
2021-05-10,4,0,8,4,0,169,7,0,3,6,3.0,1.0,7.0,1.0,24.0
2021-05-11,5,0,9,5,0,170,8,1,4,7,4.0,2.0,8.0,2.0,25.0
2021-05-12,6,1,10,6,1,171,9,2,5,8,5.0,3.0,9.0,3.0,26.0
2021-05-13,7,2,11,7,2,172,10,3,6,9,6.0,0.0,0.0,4.0,27.0
2021-05-14,8,0,12,8,3,173,11,4,7,10,0.0,0.0,1.0,5.0,28.0
2021-05-15,9,1,13,9,4,174,12,5,0,11,1.0,1.0,2.0,6.0,29.0
2021-05-16,10,2,14,10,5,175,13,6,1,12,2.0,2.0,3.0,7.0,30.0
2021-05-17,11,3,15,11,6,176,14,7,2,13,0.0,3.0,4.0,8.0,31.0
2021-05-18,12,0,16,12,0,177,15,8,3,14,1.0,4.0,5.0,9.0,32.0
2021-05-19,13,0,17,13,0,178,16,0,4,15,2.0,5.0,6.0,10.0,33.0
2021-05-20,14,0,18,14,0,179,17,0,5,16,3.0,0.0,0.0,11.0,34.0
2021-05-21,15,0,19,15,0,180,0,0,6,17,4.0,0.0,0.0,12.0,35.0
2021-05-22,16,0,20,16,0,181,0,0,7,18,5.0,1.0,0.0,0.0,36.0
2021-05-23,17,1,21,17,1,182,1,0,8,19,6.0,2.0,1.0,1.0,37.0
2021-05-24,0,2,0,18,2,0,2,0,9,20,7.0,3.0,2.0,2.0,38.0
2021-05-25,1,3,1,19,3,1,3,1,10,21,8.0,4.0,0.0,0.0,39.0
2021-05-26,2,4,2,0,4,2,4,2,11,22,9.0,0.0,0.0,0.0,40.0
2021-05-27,3,5,0,0,5,3,5,3,12,23,0.0,1.0,0.0,0.0,41.0
2021-05-28,0,6,1,0,0,4,6,4,13,0,0.0,2.0,1.0,0.0,0.0
2021-05-29,0,0,0,0,0,5,7,5,14,1,0.0,3.0,2.0,1.0,0.0
2021-05-30,0,1,0,0,1,6,8,6,0,0,0.0,0.0,0.0,2.0,0.0
2021-05-31,1,2,1,1,2,7,9,7,1,1,1.0,0.0,1.0,0.0,1.0
2021-06-01,2,3,2,2,3,8,10,8,2,2,2.0,0.0,2.0,1.0,2.0
2021-06-02,3,4,3,3,4,9,11,9,3,3,3.0,1.0,3.0,2.0,3.0
2021-06-03,4,5,4,4,5,10,12,10,4,4,4.0,2.0,4.0,3.0,4.0
2021-06-04,5,6,5,5,6,11,13,11,5,5,5.0,3.0,5.0,4.0,5.0
2021-06-05,6,7,6,6,7,12,14,12,6,6,6.0,4.0,6.0,5.0,6.0
2021-06-06,7,8,7,7,8,13,15,13,7,7,7.0,0.0,0.0,6.0,7.0
2021-06-07,8,0,8,8,0,14,16,14,8,8,8.0,0.0,1.0,7.0,8.0
2021-06-08,9,0,9,9,0,15,17,15,9,9,9.0,1.0,0.0,8.0,9.0
2021-06-09,10,1,10,10,1,16,18,16,10,10,10.0,2.0,1.0,9.0,10.0
2021-06-10,11,0,11,11,2,0,19,17,11,11,11.0,3.0,2.0,10.0,11.0
2021-06-11,12,1,12,12,3,0,20,0,0,12,12.0,4.0,3.0,11.0,0.0
2021-06-12,13,2,13,13,4,1,0,1,1,13,13.0,5.0,0.0,12.0,0.0
2021-06-13,14,3,14,14,5,2,1,2,2,0,14.0,6.0,0.0,13.0,0.0
2021-06-14,15,4,15,15,6,3,2,3,3,1,15.0,7.0,1.0,0.0,0.0
2021-06-15,16,5,16,16,7,4,3,4,4,2,16.0,8.0,2.0,0.0,1.0
2021-06-16,0,6,17,17,8,5,4,5,5,3,0.0,9.0,3.0,1.0,2.0
2021-06-17,1,7,0,0,9,6,5,6,6,4,1.0,0.0,0.0,0.0,3.0
2021-06-18,2,0,1,1,10,7,6,7,7,5,0.0,1.0,1.0,1.0,0.0
2021-06-19,3,1,2,2,11,8,7,8,8,6,0.0,2.0,0.0,2.0,0.0
2021-06-20,4,2,3,3,12,9,8,9,9,7,1.0,0.0,0.0,0.0,1.0
2021-06-21,5,3,4,0,13,10,9,10,10,8,2.0,0.0,0.0,0.0,2.0
2021-06-22,0,4,0,0,14,11,10,11,11,9,0.0,1.0,1.0,0.0,3.0
2021-06-23,0,5,0,0,15,12,11,12,0,10,0.0,2.0,2.0,1.0,0.0
2021-06-24,1,6,1,1,16,13,12,13,1,0,0.0,0.0,0.0,2.0,0.0
2021-06-25,2,7,2,2,17,14,13,14,2,0,1.0,0.0,1.0,3.0,0.0
2021-06-26,3,8,3,3,18,15,14,15,3,1,2.0,1.0,2.0,4.0,1.0
2021-06-27,4,9,4,4,19,16,15,16,4,2,3.0,2.0,3.0,0.0,2.0
2021-06-28,5,10,5,5,20,17,16,17,5,3,4.0,0.0,0.0,0.0,3.0
2021-06-29,6,11,6,6,21,18,17,18,6,4,5.0,0.0,1.0,0.0,4.0
2021-06-30,7,12,7,7,22,19,18,19,7,5,6.0,1.0,2.0,0.0,0.0
2021-07-01,8,13,8,8,23,20,19,20,8,6,7.0,2.0,3.0,1.0,0.0
2021-07-02,9,14,9,9,24,21,20,21,9,7,0.0,3.0,4.0,2.0,0.0
2021-07-03,10,15,10,10,25,22,21,22,10,8,0.0,4.0,5.0,3.0,0.0
2021-07-04,0,16,11,11,26,23,22,23,11,0,0.0,0.0,6.0,4.0,0.0
2021-07-05,1,17,12,12,27,24,23,24,12,0,0.0,1.0,7.0,5.0,0.0
2021-07-06,2,18,13,13,28,25,24,25,13,0,1.0,2.0,8.0,6.0,1.0
2021-07-07,3,19,14,14,29,26,25,26,14,0,2.0,0.0,9.0,0.0,2.0
2021-07-08,4,20,15,15,30,27,26,27,0,0,3.0,1.0,0.0,0.0,3.0
2021-07-09,0,21,16,16,31,28,27,28,1,1,0.0,2.0,1.0,0.0,0.0
2021-07-10,1,22,17,17,32,29,28,29,2,2,0.0,3.0,2.0,1.0,1.0
2021-07-11,2,23,18,18,33,30,29,30,3,3,0.0,4.0,3.0,2.0,0.0
2021-07-12,3,24,19,19,34,31,30,31,4,4,0.0,5.0,4.0,0.0,0.0
2021-07-13,4,25,20,20,35,32,31,32,0,0,0.0,6.0,0.0,0.0,0.0
2021-07-14,5,26,21,21,36,33,32,33,1,1,1.0,7.0,1.0,0.0,0.0
2021-07-15,6,0,22,22,37,34,33,34,2,2,2.0,8.0,2.0,1.0,1.0
2021-07-16,7,0,23,23,38,35,34,35,3,3,3.0,9.0,3.0,2.0,2.0
2021-07-17,8,1,24,24,39,36,35,36,4,4,4.0,10.0,4.0,3.0,3.0
2021-07-18,9,2,25,25,40,37,36,37,5,5,5.0,11.0,5.0,4.0,4.0
2021-07-19,10,3,26,26,41,38,37,38,6,6,6.0,12.0,6.0,5.0,5.0
2021-07-20,11,4,27,27,42,39,38,39,7,7,0.0,13.0,7.0,6.0,6.0
2021-07-21,12,5,28,0,43,40,39,40,8,8,0.0,14.0,8.0,7.0,0.0
2021-07-22,13,6,29,0,44,41,40,41,9,9,0.0,15.0,0.0,8.0,0.0
2021-07-23,14,7,30,1,45,42,0,42,10,10,1.0,0.0,0.0,9.0,0.0
2021-07-24,15,8,31,2,46,43,0,43,11,11,2.0,0.0,0.0,0.0,0.0
2021-07-25,16,9,32,3,47,44,1,44,12,12,3.0,1.0,0.0,0.0,0.0
2021-07-26,17,10,33,4,48,45,2,45,13,13,4.0,2.0,1.0,1.0,0.0
2021-07-27,18,11,34,0,49,46,3,46,14,14,0.0,3.0,2.0,0.0,0.0
2021-07-28,19,12,0,1,50,47,4,47,0,0,0.0,4.0,3.0,1.0,0.0
2021-07-29,20,13,1,2,51,48,5,48,0,0,0.0,5.0,4.0,2.0,0.0
2021-07-30,21,14,0,3,52,49,6,49,1,1,0.0,6.0,0.0,3.0,0.0
2021-07-31,0,15,0,0,53,50,7,50,2,2,0.0,0.0,0.0,0.0,0.0
2021-08-01,0,16,0,1,54,51,8,51,0,0,0.0,0.0,1.0,0.0,0.0
2021-08-02,0,17,1,0,55,52,9,52,0,1,1.0,0.0,2.0,1.0,0.0
2021-08-03,1,18,0,0,56,53,10,53,0,2,0.0,1.0,3.0,2.0,0.0
2021-08-04,2,19,1,1,57,54,11,54,1,3,1.0,2.0,4.0,3.0,0.0
2021-08-05,3,20,2,2,58,55,12,55,2,4,2.0,3.0,5.0,0.0,0.0
2021-08-06,4,21,3,3,59,56,13,56,3,5,3.0,4.0,6.0,0.0,1.0
2021-08-07,5,22,4,4,60,57,14,57,4,6,4.0,5.0,7.0,1.0,2.0
2021-08-08,6,23,5,5,61,0,15,58,0,7,5.0,6.0,8.0,2.0,0.0
2021-08-09,7,24,6,6,62,0,0,59,0,8,6.0,7.0,9.0,3.0,0.0
2021-08-10,8,25,7,7,63,0,1,60,1,9,7.0,8.0,10.0,4.0,0.0
2021-08-11,9,26,8,8,64,1,2,61,2,10,8.0,9.0,11.0,5.0,0.0
2021-08-12,10,27,9,9,65,2,0,62,3,11,9.0,0.0,0.0,0.0,1.0
2021-08-13,11,28,10,10,66,3,1,63,4,12,10.0,0.0,1.0,0.0,0.0
2021-08-14,12,29,11,11,67,4,2,64,5,13,11.0,1.0,2.0,1.0,1.0
2021-08-15,13,30,12,12,68,5,3,65,6,14,0.0,2.0,3.0,2.0,2.0
2021-08-16,0,31,0,13,69,6,4,66,7,15,0.0,3.0,4.0,3.0,3.0
2021-08-17,1,32,1,14,70,7,5,67,8,16,0.0,4.0,0.0,4.0,0.0
2021-08-18,2,0,2,15,0,8,0,0,9,17,1.0,5.0,1.0,5.0,0.0
2021-08-19,3,1,3,16,1,9,1,1,10,18,2.0,6.0,2.0,6.0,1.0
2021-08-20,4,2,4,17,2,10,2,2,11,19,3.0,7.0,3.0,7.0,2.0
2021-08-21,5,3,5,18,3,11,0,3,12,20,4.0,8.0,0.0,8.0,3.0
2021-08-22,6,4,6,19,4,0,1,4,13,21,5.0,0.0,1.0,9.0,4.0
2021-08-23,7,5,7,20,5,0,2,5,14,22,6.0,0.0,2.0,10.0,5.0
2021-08-24,8,0,8,21,6,1,3,0,15,23,7.0,0.0,0.0,11.0,6.0
2021-08-25,9,1,9,22,7,2,4,0,16,24,8.0,0.0,1.0,0.0,7.0
2021-08-26,10,2,10,23,8,3,5,1,17,25,9.0,1.0,0.0,0.0,8.0
2021-08-27,11,3,11,24,9,4,6,2,18,26,10.0,2.0,1.0,1.0,9.0
2021-08-28,12,0,12,25,10,5,7,3,19,27,11.0,3.0,2.0,2.0,10.0
2021-08-29,13,1,13,26,11,6,8,4,20,28,12.0,0.0,3.0,3.0,11.0
2021-08-30,14,2,14,27,12,7,9,5,21,29,13.0,1.0,4.0,4.0,12.0
2021-08-31,15,0,15,28,0,8,10,6,22,30,14.0,2.0,5.0,5.0,13.0
2021-09-01,16,0,16,29,0,9,11,7,23,31,15.0,3.0,6.0,6.0,14.0
2021-09-02,17,1,17,30,1,10,12,8,24,32,0.0,4.0,7.0,7.0,15.0
2021-09-03,18,2,18,0,2,11,13,9,25,33,0.0,5.0,8.0,8.0,0.0
2021-09-04,19,3,19,1,3,12,14,10,26,0,0.0,6.0,9.0,9.0,0.0
2021-09-05,20,4,20,2,4,13,15,11,27,0,1.0,0.0,10.0,10.0,0.0
2021-09-06,21,5,21,3,5,14,16,12,28,1,2.0,1.0,11.0,11.0,1.0
2021-09-07,22,6,22,4,6,15,17,13,29,2,3.0,2.0,12.0,12.0,2.0
2021-09-08,23,7,23,5,7,16,18,14,30,3,4.0,3.0,13.0,13.0,0.0
2021-09-09,24,8,24,6,8,17,19,15,31,4,5.0,4.0,14.0,14.0,1.0
2021-09-10,25,9,25,7,9,18,20,16,32,5,6.0,5.0,15.0,15.0,0.0
2021-09-11,26,10,26,8,10,19,21,17,33,6,7.0,0.0,0.0,16.0,1.0
2021-09-12,27,11,27,9,11,20,22,18,34,7,8.0,0.0,1.0,17.0,2.0
2021-09-13,28,12,28,10,12,21,23,19,35,8,9.0,1.0,2.0,18.0,3.0
2021-09-14,29,13,29,11,13,22,24,20,36,9,10.0,0.0,0.0,19.0,0.0
2021-09-15,30,14,30,12,14,23,25,21,37,10,11.0,1.0,0.0,0.0,1.0
2021-09-16,31,0,31,13,0,24,26,22,38,11,0.0,2.0,1.0,1.0,2.0
2021-09-17,32,0,32,14,1,25,0,23,39,12,1.0,0.0,0.0,2.0,0.0
2021-09-18,33,1,33,15,2,26,1,24,40,13,2.0,1.0,1.0,3.0,1.0
2021-09-19,34,2,34,16,3,27,2,25,41,14,3.0,0.0,0.0,4.0,2.0
2021-09-20,35,3,35,17,4,28,3,26,42,15,4.0,0.0,0.0,0.0,3.0
2021-09-21,36,0,36,18,5,29,4,27,43,16,0.0,0.0,0.0,0.0,4.0
2021-09-22,37,1,37,19,6,30,5,28,44,17,1.0,1.0,1.0,1.0,5.0
2021-09-23,38,2,38,20,7,31,0,29,45,18,2.0,0.0,0.0,2.0,6.0
2021-09-24,39,3,39,21,8,32,1,30,46,19,3.0,0.0,0.0,3.0,7.0
2021-09-25,40,4,40,22,9,33,2,31,47,20,4.0,1.0,1.0,0.0,8.0
2021-09-26,41,5,41,0,10,34,3,32,48,21,5.0,0.0,2.0,1.0,9.0
2021-09-27,42,6,42,1,11,35,4,33,49,22,0.0,1.0,3.0,2.0,0.0
2021-09-28,0,7,43,2,12,36,5,34,50,23,0.0,2.0,4.0,3.0,1.0
2021-09-29,1,8,44,3,13,37,6,35,51,24,1.0,3.0,5.0,4.0,2.0
2021-09-30,2,9,45,4,14,38,7,36,52,25,2.0,4.0,6.0,5.0,3.0
2021-10-01,3,10,46,5,15,39,8,37,53,26,3.0,5.0,7.0,6.0,4.0
2021-10-02,4,11,47,6,16,40,9,38,54,27,4.0,6.0,8.0,7.0,5.0
2021-10-03,5,12,48,7,17,41,10,39,55,28,5.0,7.0,9.0,8.0,6.0
2021-10-04,6,13,49,8,18,42,11,40,56,29,6.0,8.0,0.0,9.0,7.0
2021-10-05,7,14,50,9,19,43,12,41,57,30,7.0,9.0,1.0,10.0,8.0
2021-10-06,8,0,51,10,20,44,13,42,58,31,8.0,10.0,0.0,11.0,9.0
2021-10-07,9,0,52,11,0,45,14,43,59,32,0.0,11.0,1.0,12.0,0.0
2021-10-08,10,1,53,12,1,46,15,44,0,33,1.0,12.0,2.0,13.0,0.0
2021-10-09,11,2,54,13,2,47,0,45,0,0,2.0,13.0,3.0,14.0,0.0
2021-10-10,12,3,55,14,3,48,1,46,1,0,3.0,14.0,4.0,15.0,0.0
2021-10-11,13,4,56,15,4,49,2,47,2,1,4.0,15.0,5.0,16.0,1.0
2021-10-12,14,5,57,16,0,50,3,0,3,2,5.0,16.0,6.0,0.0,2.0
2021-10-13,15,6,58,17,1,51,4,0,4,3,6.0,17.0,7.0,1.0,3.0
2021-10-14,16,7,59,18,2,52,5,1,5,4,7.0,18.0,8.0,2.0,4.0
2021-10-15,17,8,60,19,3,53,0,2,6,5,8.0,19.0,9.0,3.0,5.0
2021-10-16,18,9,61,20,4,54,1,3,7,6,9.0,20.0,10.0,4.0,6.0
2021-10-17,19,10,62,21,5,55,2,4,8,7,10.0,21.0,11.0,5.0,7.0
2021-10-18,20,11,63,22,0,56,3,5,9,8,11.0,22.0,12.0,6.0,8.0
2021-10-19,21,0,64,23,0,57,4,6,10,9,12.0,23.0,0.0,7.0,0.0
2021-10-20,22,1,65,24,1,58,5,7,11,10,13.0,0.0,0.0,8.0,1.0
2021-10-21,23,2,66,25,2,59,6,8,12,11,14.0,1.0,1.0,0.0,2.0
2021-10-22,24,3,67,26,3,60,7,9,13,12,0.0,2.0,2.0,1.0,3.0
2021-10-23,25,4,68,27,4,61,8,10,14,13,0.0,3.0,3.0,2.0,4.0
2021-10-24,26,5,69,28,5,62,9,11,15,14,0.0,4.0,4.0,3.0,5.0
2021-10-25,27,6,70,29,6,63,10,12,16,15,0.0,5.0,5.0,4.0,6.0
2021-10-26,28,7,71,30,7,64,11,13,17,16,1.0,6.0,6.0,5.0,7.0
2021-10-27,29,8,72,31,8,0,12,14,18,17,2.0,7.0,7.0,6.0,8.0
2021-10-28,30,9,73,32,9,1,13,15,19,18,3.0,8.0,8.0,7.0,9.0
2021-10-29,31,10,74,33,10,2,14,16,20,19,4.0,9.0,9.0,8.0,10.0
2021-10-30,32,11,75,34,11,3,15,17,21,20,5.0,10.0,10.0,9.0,0.0
2021-10-31,33,0,76,35,0,4,0,0,22,21,6.0,11.0,0.0,10.0,1.0
2021-11-01,34,1,77,36,0,5,0,0,23,22,7.0,12.0,0.0,11.0,2.0
2021-11-02,35,2,78,37,1,6,1,1,24,23,8.0,0.0,0.0,12.0,3.0
2021-11-03,36,3,79,38,2,7,2,2,25,24,9.0,0.0,0.0,0.0,4.0
2021-11-04,37,4,80,39,3,8,3,3,26,25,10.0,1.0,1.0,1.0,5.0
2021-11-05,38,5,81,0,4,9,4,4,27,26,0.0,2.0,2.0,2.0,0.0
2021-11-06,39,6,82,1,5,10,5,5,28,27,1.0,3.0,3.0,3.0,0.0
2021-11-07,40,7,83,2,6,11,6,6,29,28,2.0,4.0,4.0,4.0,1.0
2021-11-08,41,8,84,3,7,12,7,7,30,29,3.0,5.0,5.0,5.0,2.0
2021-11-09,42,9,85,4,8,13,8,8,31,30,4.0,6.0,6.0,6.0,3.0
2021-11-10,43,10,86,5,9,14,9,9,32,31,5.0,7.0,7.0,7.0,4.0
2021-11-11,44,11,87,6,10,15,10,10,33,32,6.0,8.0,8.0,8.0,0.0
2021-11-12,45,12,88,7,11,0,11,11,34,33,7.0,9.0,9.0,9.0,0.0
2021-11-13,46,13,89,8,12,1,12,12,35,34,8.0,10.0,10.0,10.0,1.0
2021-11-14,47,14,90,9,13,2,13,13,36,35,9.0,0.0,11.0,11.0,2.0
2021-11-15,48,15,91,10,14,3,14,14,37,36,10.0,1.0,12.0,12.0,3.0
2021-11-16,49,16,92,11,15,4,15,15,38,37,11.0,2.0,13.0,13.0,4.0
2021-11-17,50,17,93,12,16,5,16,16,39,38,12.0,3.0,14.0,14.0,5.0
2021-11-18,51,18,94,13,17,6,17,17,40,39,13.0,4.0,15.0,15.0,6.0
2021-11-19,52,19,95,14,18,7,18,18,41,40,14.0,5.0,16.0,16.0,7.0
2021-11-20,53,20,96,15,19,8,19,19,42,41,15.0,6.0,17.0,17.0,0.0
2021-11-21,54,21,97,16,20,0,20,20,43,42,16.0,0.0,0.0,0.0,0.0
2021-11-22,55,22,98,17,21,1,21,21,44,43,17.0,1.0,1.0,1.0,1.0
2021-11-23,56,23,99,18,22,2,0,22,45,44,18.0,2.0,0.0,2.0,2.0
2021-11-24,57,24,100,19,23,3,1,23,46,45,19.0,0.0,0.0,0.0,3.0
2021-11-25,58,25,101,20,24,4,2,24,47,46,20.0,1.0,0.0,0.0,4.0
2021-11-26,59,26,102,0,25,5,3,25,48,47,21.0,2.0,1.0,1.0,5.0
2021-11-27,60,27,103,1,26,6,4,26,49,48,0.0,3.0,0.0,2.0,0.0
2021-11-28,61,28,104,2,27,7,5,27,50,49,0.0,4.0,1.0,0.0,0.0
2021-11-29,62,29,105,3,28,8,6,28,51,50,1.0,5.0,2.0,1.0,1.0
2021-11-30,63,30,106,0,29,9,7,29,52,51,2.0,6.0,3.0,0.0,2.0
2021-12-01,64,31,107,1,30,10,8,30,53,52,3.0,7.0,4.0,1.0,3.0
2021-12-02,65,32,108,2,31,11,9,31,54,53,4.0,8.0,5.0,2.0,4.0
2021-12-03,0,33,109,3,32,12,10,32,55,54,5.0,9.0,0.0,3.0,0.0
2021-12-04,1,34,110,4,33,13,11,33,56,55,0.0,10.0,0.0,0.0,0.0
2021-12-05,2,35,111,5,34,14,12,34,57,56,1.0,0.0,0.0,1.0,0.0
2021-12-06,3,36,112,6,35,15,13,35,58,57,2.0,0.0,0.0,2.0,0.0
2021-12-07,4,37,113,7,36,16,14,36,59,58,3.0,0.0,0.0,0.0,1.0
2021-12-08,5,38,114,8,37,17,15,37,60,59,4.0,1.0,1.0,0.0,2.0
2021-12-09,6,39,0,9,38,18,16,38,61,60,5.0,2.0,2.0,1.0,0.0
2021-12-10,7,0,1,10,0,0,17,39,0,0,6.0,3.0,3.0,2.0,0.0
2021-12-11,8,1,2,11,1,1,18,40,1,1,7.0,4.0,4.0,3.0,1.0
2021-12-12,9,2,3,12,2,2,19,41,2,2,8.0,5.0,5.0,4.0,2.0
2021-12-13,10,3,4,13,3,3,20,42,3,3,9.0,6.0,6.0,5.0,3.0
2021-12-14,11,4,5,14,4,4,21,43,4,4,10.0,7.0,7.0,6.0,0.0
2021-12-15,12,5,6,15,5,5,0,0,5,5,11.0,8.0,0.0,7.0,1.0
2021-12-16,13,6,7,16,6,0,1,1,6,6,12.0,0.0,0.0,8.0,2.0
2021-12-17,14,7,8,17,7,0,0,0,7,7,13.0,0.0,0.0,9.0,3.0
2021-12-18,15,8,9,18,8,1,1,0,8,8,14.0,0.0,0.0,10.0,4.0
2021-12-19,16,9,10,19,9,2,2,1,9,9,15.0,0.0,0.0,11.0,5.0
2021-12-20,17,0,11,20,0,3,0,0,10,10,0.0,0.0,0.0,0.0,6.0
2021-12-21,18,0,12,21,1,0,1,1,11,11,1.0,0.0,0.0,0.0,0.0
2021-12-22,19,1,13,22,2,1,2,2,12,12,2.0,1.0,1.0,0.0,1.0
2021-12-23,0,2,0,23,3,2,3,3,13,0,3.0,2.0,2.0,1.0,0.0
2021-12-24,1,3,1,24,4,3,4,4,0,1,0.0,0.0,0.0,2.0,0.0
2021-12-25,2,0,2,25,0,4,5,0,1,2,0.0,0.0,0.0,0.0,1.0
2021-12-26,3,0,3,26,0,5,6,0,2,3,1.0,0.0,0.0,1.0,2.0
2021-12-27,4,0,4,27,0,6,0,0,3,4,2.0,0.0,0.0,0.0,3.0
2021-12-28,5,0,5,28,1,7,0,0,4,5,3.0,0.0,0.0,0.0,4.0
2021-12-29,6,0,6,29,0,8,1,0,5,6,4.0,0.0,0.0,0.0,5.0
2021-12-30,7,0,7,30,0,9,0,1,6,7,5.0,0.0,0.0,0.0,6.0
2021-12-31,8,0,8,31,0,10,0,2,7,8,6.0,0.0,0.0,0.0,7.0
2022-01-01,9,0,9,32,0,11,0,3,8,9,7.0,0.0,0.0,1.0,8.0
2022-01-02,10,1,10,33,1,12,1,4,9,10,8.0,0.0,0.0,0.0,9.0
2022-01-03,11,2,11,34,2,13,2,0,10,11,0.0,0.0,0.0,0.0,0.0
2022-01-04,12,3,12,35,3,14,3,0,11,12,0.0,0.0,0.0,0.0,0.0
2022-01-05,13,4,13,36,4,15,4,0,12,13,1.0,0.0,0.0,1.0,0.0
2022-01-06,14,0,14,37,5,16,0,0,13,14,2.0,0.0,0.0,0.0,1.0
2022-01-07,15,1,15,38,6,17,0,0,14,15,3.0,0.0,0.0,0.0,2.0
2022-01-08,16,0,16,39,7,18,0,0,15,16,0.0,0.0,0.0,0.0,0.0
2022-01-09,17,1,17,40,8,19,1,1,16,17,1.0,0.0,0.0,0.0,1.0
2022-01-10,0,2,0,0,0,20,2,2,17,18,0.0,1.0,1.0,0.0,2.0
2022-01-11,0,3,0,0,1,0,3,3,0,0,0.0,2.0,2.0,1.0,0.0
2022-01-12,1,4,1,1,2,0,4,4,0,0,0.0,3.0,3.0,2.0,0.0
2022-01-13,2,5,2,2,3,1,5,5,1,1,1.0,4.0,4.0,0.0,1.0
2022-01-14,3,6,3,0,4,2,6,6,2,2,0.0,5.0,5.0,1.0,2.0
2022-01-15,0,7,0,0,5,3,7,7,0,3,0.0,6.0,6.0,2.0,0.0
2022-01-16,0,8,0,1,6,4,8,8,0,4,0.0,7.0,7.0,3.0,0.0
2022-01-17,1,9,1,2,7,5,9,9,1,5,1.0,8.0,8.0,4.0,1.0
2022-01-18,0,10,2,3,8,6,0,10,2,6,2.0,9.0,9.0,5.0,2.0
2022-01-19,1,11,3,4,9,7,0,11,3,7,3.0,0.0,0.0,6.0,3.0
2022-01-20,0,12,0,5,10,8,1,0,4,8,0.0,0.0,0.0,7.0,4.0
2022-01-21,0,13,0,6,11,9,2,1,0,0,0.0,0.0,0.0,8.0,0.0
2022-01-22,0,14,0,7,12,10,3,2,0,0,0.0,0.0,1.0,0.0,0.0
2022-01-23,1,15,1,8,13,11,4,3,1,1,0.0,1.0,2.0,0.0,1.0
2022-01-24,0,16,0,9,14,12,5,4,2,2,0.0,2.0,3.0,0.0,0.0
2022-01-25,0,17,1,10,15,13,6,5,3,0,0.0,0.0,4.0,0.0,0.0
2022-01-26,0,18,0,11,16,14,7,6,0,0,0.0,1.0,5.0,1.0,0.0
2022-01-27,0,0,0,12,0,0,8,7,0,0,0.0,2.0,6.0,2.0,0.0
2022-01-28,0,0,1,13,0,0,9,8,1,1,1.0,3.0,7.0,3.0,0.0
2022-01-29,0,1,0,0,1,1,10,9,2,2,0.0,4.0,8.0,4.0,1.0
2022-01-30,0,2,0,1,2,2,11,10,3,3,1.0,5.0,9.0,5.0,2.0
2022-01-31,1,3,1,2,3,3,12,11,0,0,2.0,6.0,0.0,6.0,0.0
2022-02-01,2,4,2,3,0,4,13,0,0,0,0.0,0.0,0.0,0.0,0.0
2022-02-02,3,5,3,4,1,5,0,0,1,0,1.0,0.0,0.0,0.0,0.0
2022-02-03,4,6,4,5,2,6,1,1,2,1,2.0,0.0,0.0,0.0,1.0
2022-02-04,5,7,5,6,3,7,2,2,3,2,0.0,0.0,0.0,0.0,0.0
2022-02-05,6,8,6,0,4,8,3,3,0,3,0.0,1.0,1.0,1.0,0.0
2022-02-06,7,9,7,1,5,9,4,4,0,4,0.0,2.0,2.0,2.0,0.0
2022-02-07,8,10,8,2,6,10,5,5,1,5,1.0,3.0,3.0,3.0,0.0
2022-02-08,9,11,9,3,7,11,6,6,2,6,2.0,4.0,4.0,4.0,1.0
2022-02-09,10,12,10,4,8,12,7,7,3,7,3.0,5.0,5.0,5.0,2.0
2022-02-10,11,13,11,5,9,13,8,8,4,8,4.0,6.0,6.0,6.0,3.0
2022-02-11,12,14,12,6,10,14,9,9,5,9,5.0,7.0,7.0,7.0,4.0
2022-02-12,13,15,13,7,11,15,10,10,6,10,6.0,8.0,8.0,8.0,5.0
2022-02-13,14,16,14,8,12,16,11,11,7,11,0.0,9.0,9.0,9.0,6.0
2022-02-14,15,17,15,9,13,17,12,12,8,12,1.0,10.0,10.0,10.0,7.0
2022-02-15,16,18,16,10,14,18,13,13,9,13,2.0,11.0,11.0,11.0,8.0
2022-02-16,17,19,17,11,15,0,14,14,0,0,0.0,0.0,0.0,0.0,0.0
2022-02-17,18,20,18,12,16,1,15,15,1,1,1.0,0.0,0.0,0.0,1.0
2022-02-18,19,21,19,13,17,2,16,16,2,2,2.0,1.0,1.0,1.0,2.0
2022-02-19,20,22,20,14,18,3,17,17,3,3,0.0,2.0,2.0,2.0,0.0
2022-02-20,21,23,21,15,19,4,18,18,4,4,1.0,3.0,3.0,0.0,1.0
2022-02-21,22,24,22,16,20,5,0,0,5,5,2.0,0.0,0.0,0.0,2.0
2022-02-22,23,25,23,17,21,6,0,0,6,6,3.0,0.0,1.0,0.0,3.0
2022-02-23,24,0,24,18,0,7,1,0,7,7,4.0,0.0,0.0,0.0,4.0
2022-02-24,25,0,25,19,0,8,2,1,8,8,0.0,1.0,1.0,0.0,0.0
2022-02-25,26,1,26,20,0,9,3,2,9,9,0.0,2.0,2.0,1.0,0.0
2022-02-26,27,2,27,21,1,10,4,3,0,0,0.0,3.0,3.0,2.0,0.0
2022-02-27,28,3,28,22,2,0,5,4,1,1,1.0,4.0,4.0,3.0,0.0
2022-02-28,29,4,29,23,3,1,6,5,2,2,2.0,5.0,5.0,4.0,0.0
2022-03-01,30,5,30,24,4,0,7,6,3,3,3.0,6.0,6.0,5.0,0.0
2022-03-02,31,6,31,25,5,1,8,7,4,4,4.0,7.0,7.0,0.0,1.0
2022-03-03,32,7,32,26,6,2,9,8,5,5,0.0,8.0,8.0,0.0,0.0
2022-03-04,0,8,33,27,7,3,10,9,6,6,0.0,9.0,9.0,0.0,0.0
2022-03-05,1,9,34,28,8,4,11,10,7,7,1.0,10.0,0.0,1.0,0.0
2022-03-06,2,10,35,29,9,5,12,11,8,8,2.0,11.0,1.0,2.0,1.0
2022-03-07,3,11,36,30,10,6,13,12,9,9,3.0,12.0,2.0,3.0,2.0
2022-03-08,4,12,37,31,11,7,14,13,10,10,4.0,0.0,0.0,4.0,3.0
2022-03-09,5,13,38,32,12,8,15,14,11,11,5.0,0.0,0.0,0.0,4.0
2022-03-10,6,14,39,33,13,9,16,15,12,12,6.0,0.0,0.0,0.0,5.0
2022-03-11,7,15,40,34,14,10,0,16,13,13,7.0,0.0,0.0,0.0,6.0
2022-03-12,8,16,41,35,15,11,1,17,14,14,8.0,0.0,0.0,0.0,7.0
2022-03-13,9,17,42,36,16,12,2,18,15,15,9.0,1.0,1.0,0.0,0.0
2022-03-14,10,18,43,37,17,13,3,19,16,16,10.0,2.0,2.0,1.0,1.0
2022-03-15,11,19,44,38,18,14,4,20,17,17,11.0,3.0,3.0,2.0,2.0
2022-03-16,12,20,45,39,19,15,5,21,18,18,12.0,4.0,4.0,3.0,3.0
2022-03-17,13,21,46,40,20,16,6,22,19,19,13.0,5.0,5.0,4.0,4.0
2022-03-18,14,22,47,41,21,17,7,23,20,20,14.0,6.0,6.0,5.0,5.0
2022-03-19,15,23,48,42,22,18,8,24,21,21,15.0,7.0,7.0,6.0,6.0
2022-03-20,16,24,49,43,23,19,9,25,22,22,16.0,8.0,8.0,7.0,7.0
2022-03-21,17,25,50,44,24,20,10,26,23,23,17.0,9.0,9.0,8.0,8.0
2022-03-22,18,26,51,45,25,21,11,27,24,24,18.0,10.0,10.0,9.0,9.0
2022-03-23,19,27,52,46,26,22,12,28,25,25,19.0,11.0,11.0,10.0,10.0
2022-03-24,20,0,53,47,27,23,13,29,26,26,20.0,12.0,12.0,11.0,0.0
2022-03-25,21,1,54,48,28,24,14,30,27,27,21.0,0.0,13.0,0.0,1.0
2022-03-26,22,2,55,49,29,25,15,31,28,28,22.0,1.0,14.0,0.0,2.0
2022-03-27,23,3,56,50,30,26,16,32,29,29,23.0,2.0,15.0,0.0,3.0
2022-03-28,0,4,0,0,31,27,17,33,30,30,0.0,3.0,16.0,0.0,4.0
2022-03-29,1,5,0,1,32,28,18,34,31,31,0.0,4.0,17.0,1.0,0.0
2022-03-30,0,6,0,0,33,29,19,35,32,32,0.0,5.0,18.0,2.0,0.0
2022-03-31,1,7,1,1,34,30,20,36,33,33,0.0,6.0,19.0,3.0,1.0
2022-04-01,2,8,2,2,35,31,21,37,34,34,1.0,7.0,20.0,4.0,2.0
2022-04-02,3,9,3,3,36,32,22,38,35,35,2.0,8.0,21.0,5.0,3.0
2022-04-03,4,10,4,4,37,33,23,39,36,36,3.0,9.0,22.0,6.0,4.0
2022-04-04,5,11,5,5,38,34,24,40,37,37,4.0,10.0,23.0,7.0,0.0
2022-04-05,6,12,6,6,39,35,25,41,38,38,5.0,11.0,24.0,8.0,1.0
2022-04-06,7,13,7,7,0,36,26,42,39,39,0.0,12.0,25.0,9.0,0.0
2022-04-07,8,14,8,8,1,37,27,43,40,40,1.0,13.0,26.0,10.0,0.0
2022-04-08,9,15,9,9,2,38,28,44,41,41,2.0,14.0,27.0,11.0,1.0
2022-04-09,10,16,10,10,3,39,29,45,42,42,3.0,15.0,28.0,12.0,2.0
2022-04-10,11,17,11,11,4,40,30,0,43,43,4.0,16.0,29.0,13.0,3.0
2022-04-11,12,18,12,12,5,41,31,0,44,44,5.0,0.0,0.0,0.0,4.0
2022-04-12,13,19,13,13,6,42,32,0,45,45,6.0,1.0,1.0,1.0,5.0
2022-04-13,14,0,14,14,7,43,33,0,46,46,0.0,2.0,2.0,2.0,6.0
2022-04-14,15,0,15,15,0,44,0,0,47,47,1.0,3.0,3.0,3.0,7.0
2022-04-15,16,0,16,16,0,45,1,0,48,48,2.0,4.0,4.0,0.0,8.0
2022-04-16,17,0,17,17,0,46,2,0,49,49,3.0,0.0,0.0,0.0,9.0
2022-04-17,18,0,18,18,0,47,3,1,50,50,4.0,1.0,0.0,0.0,10.0
2022-04-18,0,1,19,19,1,48,0,0,51,51,5.0,0.0,0.0,0.0,11.0
2022-04-19,1,2,20,20,2,49,1,1,52,52,6.0,1.0,1.0,0.0,12.0
2022-04-20,2,3,21,21,3,50,2,2,53,53,7.0,2.0,2.0,1.0,13.0
2022-04-21,3,4,22,22,0,51,3,0,54,54,8.0,3.0,0.0,2.0,14.0
2022-04-22,4,5,23,23,1,52,4,1,55,55,9.0,4.0,1.0,3.0,15.0
2022-04-23,5,6,24,24,2,53,5,2,56,56,10.0,5.0,2.0,4.0,16.0
2022-04-24,6,7,25,25,3,54,6,3,57,57,11.0,6.0,3.0,5.0,17.0
2022-04-25,7,8,26,26,4,55,7,4,58,58,12.0,7.0,0.0,0.0,18.0
2022-04-26,8,0,27,27,0,56,8,5,59,59,13.0,8.0,1.0,0.0,19.0
2022-04-27,9,0,28,0,1,57,9,6,60,60,14.0,9.0,2.0,1.0,20.0
2022-04-28,10,1,29,0,2,58,10,7,61,61,15.0,10.0,3.0,2.0,21.0
2022-04-29,11,2,30,1,0,59,11,8,62,62,16.0,11.0,4.0,3.0,22.0
2022-04-30,12,3,31,2,1,60,12,9,63,63,17.0,12.0,5.0,4.0,23.0
2022-05-01,13,0,32,3,0,61,13,10,64,64,18.0,13.0,6.0,5.0,0.0
2022-05-02,14,1,33,4,1,62,14,11,65,65,19.0,14.0,7.0,6.0,0.0
2022-05-03,15,2,34,5,2,63,15,12,0,66,20.0,15.0,8.0,7.0,1.0
2022-05-04,16,3,35,6,3,64,16,13,1,67,21.0,16.0,9.0,8.0,0.0
2022-05-05,17,4,36,7,4,65,17,14,2,68,22.0,17.0,10.0,9.0,1.0
2022-05-06,18,5,37,8,5,66,18,15,3,0,23.0,18.0,11.0,10.0,2.0
2022-05-07,19,6,38,9,0,0,19,16,0,0,24.0,19.0,12.0,11.0,0.0
2022-05-08,20,7,39,10,0,0,20,17,0,0,25.0,20.0,13.0,12.0,0.0
2022-05-09,21,8,40,11,1,1,21,18,1,1,26.0,21.0,14.0,13.0,1.0
2022-05-10,22,9,41,12,2,2,22,19,2,2,27,22,15,14,2
2022-05-11,23,10,42,13,3,3,23,20,3,3,28,23,16,15,3
